Img_008_0000.jpg,https://scontent.cdninstagram.com/hphotos-xfa1/t51.2885-15/s640x640/e35/sh0.08/11264177_1465188670447947_1922011236_n.jpg
Img_008_0003.jpg,https://scontent.cdninstagram.com/t51.2885-15/e35/13731390_1812102609026247_1352112793_n.jpg?ig_cache_key=MTMxMDAzNTkxMDkzMDI5NTE4Nw%3D%3D.2
Img_008_0006.jpg,https://scontent.cdninstagram.com/t51.2885-15/e35/17126118_1833999803532726_1694775849980526592_n.jpg
Img_008_0007.jpg,http://cfile226.uf.daum.net/image/1835F137509F8235148122
Img_008_0009.jpg,http://recipe.ezmember.co.kr/cache/recipe/2015/05/22/3eaba23420de22c13df312a53697836e1_m.jpg
Img_008_0011.jpg,https://ggtour.or.kr/wp-content/uploads/2013/11/DSC02785.jpg
Img_008_0013.JPG,http://postfiles10.naver.net/20160202_217/rnalgh5746_1454383777124yD1Qr_JPEG/DSC05016.JPG?type=w966
Img_008_0017.jpg,https://i.ytimg.com/vi/IBwy9s7aSuU/hqdefault.jpg
Img_008_0018.jpg,https://i.ytimg.com/vi/vNooIHEUgpk/hqdefault.jpg
Img_008_0019.jpg,http://i.ytimg.com/vi/Vy19VqtYiKc/hqdefault.jpg
Img_008_0020.jpg,https://i.ytimg.com/vi/IsEVv1Jt2Ro/maxresdefault.jpg
Img_008_0021.jpg,https://i.ytimg.com/vi/23tRGHUX3qM/maxresdefault.jpg
Img_008_0023.jpg,http://pds4.egloos.com/pds/200707/15/15/c0017615_12070415.jpg
Img_008_0024.jpg,http://pds15.egloos.com/pds/200908/06/62/c0058462_4a7a6746d3bc6.jpg
Img_008_0026.jpg,http://recipe.ezmember.co.kr/cache/recipe/2015/07/28/c8bd542e4c57936dd690a7008afadbc5_m.jpg
Img_008_0027.jpg,http://image.ohmynews.com/down/images/1/choch1104_366638_1[636408].jpg
Img_008_0030.jpg,https://s-media-cache-ak0.pinimg.com/736x/d2/53/fe/d253fef3549fe5675909ab0bdababc62.jpg
Img_008_0031.gif,http://i.imgur.com/d41H5Zw.gif
Img_008_0032.jpg,http://recipe.ezmember.co.kr/cache/recipe/2015/08/25/dbbab2b11aeec7887ad48328aa31051b1_m.jpg
Img_008_0033.jpg,https://farm4.staticflickr.com/3466/3224900799_b65419f18e.jpg
Img_008_0036.jpg,https://farm4.staticflickr.com/3242/2984313764_ba9aafa326.jpg
Img_008_0037.jpg,https://farm3.staticflickr.com/2307/2475892332_f779503a71.jpg
Img_008_0038.jpg,https://farm4.staticflickr.com/3160/3041140734_389ae31270.jpg
Img_008_0039.jpg,https://farm4.staticflickr.com/3051/3012610418_be30686982.jpg
Img_008_0040.jpg,https://farm5.staticflickr.com/4055/4509679568_81abba2a71.jpg
Img_008_0041.jpg,https://farm4.staticflickr.com/3778/12900418914_ef56250938.jpg
Img_008_0043.jpg,https://farm9.staticflickr.com/8113/8686137726_9163259ef7.jpg
Img_008_0044.jpg,https://farm3.staticflickr.com/2786/4439996617_5d30668e18.jpg
Img_008_0045.jpg,https://farm8.staticflickr.com/7194/6799991314_8dc6f03dce.jpg
Img_008_0046.jpg,https://farm9.staticflickr.com/8339/8190640024_5272308058.jpg
Img_008_0047.jpg,https://farm3.staticflickr.com/2736/32736109782_5c23a9f56f.jpg
Img_008_0048.jpg,https://farm4.staticflickr.com/3325/3413937673_e6cbf03eb1.jpg
Img_008_0049.jpg,https://farm3.staticflickr.com/2690/4440804202_933e715343.jpg
Img_008_0050.jpg,https://farm9.staticflickr.com/8566/16439897997_bb961e47d7.jpg
Img_008_0051.jpg,https://farm4.staticflickr.com/3727/12786018185_510449737c.jpg
Img_008_0052.jpg,https://farm4.staticflickr.com/3797/12352260773_1bd1f75658.jpg
Img_008_0053.jpg,https://farm1.staticflickr.com/33/43411533_c11587fb11.jpg
Img_008_0054.jpg,https://farm4.staticflickr.com/3490/5844928281_b82c034975.jpg
Img_008_0055.jpg,https://farm4.staticflickr.com/3390/3453840741_9542f33bdc.jpg
Img_008_0056.jpg,https://farm8.staticflickr.com/7207/6796524046_01bc870583.jpg
Img_008_0057.jpg,https://farm5.staticflickr.com/4091/4992448412_1014bdefda.jpg
Img_008_0058.jpg,https://farm4.staticflickr.com/3872/14563720122_1a0fe0fbfa.jpg
Img_008_0059.jpg,https://farm8.staticflickr.com/7558/16146604905_910b599877.jpg
Img_008_0060.jpg,https://farm3.staticflickr.com/2700/4159425620_776798dd73.jpg
Img_008_0061.jpg,https://farm3.staticflickr.com/2244/2077199499_ae9d74868e.jpg
Img_008_0062.jpg,https://farm4.staticflickr.com/3073/2641843524_4301648010.jpg
Img_008_0063.jpg,https://farm2.staticflickr.com/1657/25479339484_15eb7b66db.jpg
Img_008_0064.jpg,https://farm4.staticflickr.com/3407/3454593814_36b640a445.jpg
Img_008_0065.jpg,https://farm5.staticflickr.com/4046/4239780079_b151222f51.jpg
Img_008_0066.jpg,https://farm1.staticflickr.com/500/32509309860_a1708ab5f0.jpg
Img_008_0067.jpg,https://farm4.staticflickr.com/3184/2848250926_54cea7d4db.jpg
Img_008_0068.jpg,https://farm9.staticflickr.com/8586/16496938857_06435980e5.jpg
Img_008_0069.jpg,https://farm5.staticflickr.com/4100/4830465068_6b668693c9.jpg
Img_008_0070.jpg,https://farm8.staticflickr.com/7371/13916679680_b1831a53ba.jpg
Img_008_0071.jpg,https://farm9.staticflickr.com/8629/15585257123_6b28816ba3.jpg
Img_008_0072.jpg,https://farm6.staticflickr.com/5529/12323606555_745b6b6450.jpg
Img_008_0073.jpg,https://farm9.staticflickr.com/8384/8567511683_7f79d79f78.jpg
Img_008_0074.jpg,https://farm8.staticflickr.com/7324/11887294263_f86267b180.jpg
Img_008_0076.jpg,https://farm4.staticflickr.com/3950/15495242720_e040217c68.jpg
Img_008_0077.jpg,https://farm3.staticflickr.com/2646/4025056651_f1f4e9323b.jpg
Img_008_0078.jpg,https://farm8.staticflickr.com/7379/12985604154_88560b1191.jpg
Img_008_0079.jpg,https://farm8.staticflickr.com/7297/10792002424_3cdb541e91.jpg
Img_008_0080.jpg,https://farm7.staticflickr.com/6240/6257595888_199acb471e.jpg
Img_008_0081.jpg,https://farm5.staticflickr.com/4077/4773905807_b85cf0710d.jpg
Img_008_0082.jpg,https://farm8.staticflickr.com/7056/6941185211_1a963896f5.jpg
Img_008_0083.jpg,https://farm3.staticflickr.com/2845/8776407981_7b8df2c6fc.jpg
Img_008_0084.jpg,https://farm4.staticflickr.com/3730/10379413003_d3a6093326.jpg
Img_008_0085.jpg,https://farm8.staticflickr.com/7524/15959131388_78eed0e0bc.jpg
Img_008_0086.jpg,https://farm9.staticflickr.com/8360/8405477192_f740d44913.jpg
Img_008_0087.jpg,https://farm4.staticflickr.com/3937/15060682073_e61c303fa4.jpg
Img_008_0088.jpg,https://farm4.staticflickr.com/3059/2560306205_7f80c76d1f.jpg
Img_008_0089.jpg,https://farm8.staticflickr.com/7323/9580360812_6b73b7e3c0.jpg
Img_008_0091.jpg,https://farm6.staticflickr.com/5474/9620015335_5fe62545fc.jpg
Img_008_0092.jpg,https://farm5.staticflickr.com/4002/4443101068_52f0d3c78d.jpg
Img_008_0093.jpg,https://farm6.staticflickr.com/5207/5250734647_a4d45a10d2.jpg
Img_008_0094.jpg,https://farm3.staticflickr.com/2878/12309940253_46b78f693d.jpg
Img_008_0095.jpg,https://farm9.staticflickr.com/8157/7158741502_785f8fffc2.jpg
Img_008_0096.jpg,https://farm4.staticflickr.com/3635/3508510811_d1bfa5efdc.jpg
Img_008_0097.jpg,https://farm8.staticflickr.com/7342/12315177835_7283a5f605.jpg
Img_008_0098.jpg,https://farm5.staticflickr.com/4091/5049519875_bb24650876.jpg
Img_008_0099.jpg,https://farm3.staticflickr.com/2727/4315044267_b9b5e76129.jpg
Img_008_0100.jpg,https://farm8.staticflickr.com/7345/12324001534_b3ea72a4c4.jpg
Img_008_0101.jpg,https://farm9.staticflickr.com/8322/8050314609_5775d010b2.jpg
Img_008_0103.jpg,https://farm8.staticflickr.com/7418/16408771895_fa8848d811.jpg
Img_008_0104.jpg,https://farm4.staticflickr.com/3129/3115960978_f041b8bb91.jpg
Img_008_0105.jpg,https://farm4.staticflickr.com/3716/14125501049_cd7bc9609b.jpg
Img_008_0106.jpg,https://farm4.staticflickr.com/3525/4015928051_35707acdce.jpg
Img_008_0107.jpg,https://farm6.staticflickr.com/5267/5659106383_e5334cc426.jpg
Img_008_0108.jpg,https://farm6.staticflickr.com/5613/15369946757_9cb9c110cc.jpg
Img_008_0109.jpg,https://farm5.staticflickr.com/4009/5142754318_07168d6f86.jpg
Img_008_0110.jpg,https://farm3.staticflickr.com/2779/4329400423_eef152c92a.jpg
Img_008_0111.jpg,https://farm4.staticflickr.com/3043/2715928203_99fe018c19.jpg
Img_008_0112.jpg,https://farm3.staticflickr.com/2441/3982151571_243554a713.jpg
Img_008_0113.jpg,https://farm4.staticflickr.com/3235/3982914272_497f6ac2a7.jpg
Img_008_0114.jpg,https://farm8.staticflickr.com/7350/12361429973_33a019d18b.jpg
Img_008_0116.jpg,https://farm4.staticflickr.com/3323/3508506769_678875b4d0.jpg
Img_008_0117.jpg,https://farm4.staticflickr.com/3638/3508428755_0967e1db6e.jpg
Img_008_0118.jpg,https://farm3.staticflickr.com/2141/2547208419_c52eed741e.jpg
Img_008_0119.jpg,https://farm4.staticflickr.com/3588/3508497213_60473c92b9.jpg
Img_008_0120.jpg,https://farm5.staticflickr.com/4013/4354804037_fdb975453d.jpg
Img_008_0121.jpg,https://farm4.staticflickr.com/3318/3451848190_818f69bba2.jpg
Img_008_0122.jpg,https://farm9.staticflickr.com/8533/8671959451_0777afd7c6.jpg
Img_008_0123.jpg,https://farm9.staticflickr.com/8571/16226485482_223371e359.jpg
Img_008_0125.jpg,https://farm4.staticflickr.com/3421/5847835087_6be8e79ea3.jpg
Img_008_0126.jpg,https://farm1.staticflickr.com/347/19706606742_16a6a463c5.jpg
Img_008_0127.jpg,https://farm4.staticflickr.com/3906/15151576556_723f7046b4.jpg
Img_008_0128.jpg,https://farm7.staticflickr.com/6034/6318091746_f90c111e95.jpg
Img_008_0129.jpg,https://farm4.staticflickr.com/3087/2832014495_4cd68905c9.jpg
Img_008_0132.jpg,https://farm9.staticflickr.com/8453/8032566354_b15ae8706c.jpg
Img_008_0133.jpg,https://farm8.staticflickr.com/7015/6794619005_d6a28acc50.jpg
Img_008_0134.jpg,https://farm4.staticflickr.com/3212/3088349335_98c1c30f15.jpg
Img_008_0135.jpg,https://farm4.staticflickr.com/3670/12743005683_eb2f866516.jpg
Img_008_0136.jpg,https://farm6.staticflickr.com/5479/14164227449_4b11238965.jpg
Img_008_0137.jpg,https://farm6.staticflickr.com/5506/9799995563_8c54459a4a.jpg
Img_008_0138.jpg,https://farm3.staticflickr.com/2441/4241279500_d8ea7dda5a.jpg
Img_008_0139.jpg,https://farm9.staticflickr.com/8624/16666592368_bf3f75c1df.jpg
Img_008_0140.jpg,https://farm3.staticflickr.com/2812/12767532653_874355abce.jpg
Img_008_0141.jpg,https://farm4.staticflickr.com/3194/2560965122_83905105cd.jpg
Img_008_0143.jpg,https://farm8.staticflickr.com/7507/16146601885_6ae83fffec.jpg
Img_008_0144.jpg,https://farm8.staticflickr.com/7361/12296791363_51dac2bca7.jpg
Img_008_0145.jpg,https://farm1.staticflickr.com/641/20135555864_6451d121b0.jpg
Img_008_0148.jpg,https://farm2.staticflickr.com/1573/26415447771_8b887d61f5.jpg
Img_008_0149.jpg,https://farm8.staticflickr.com/7450/12318943223_b30f68919d.jpg
Img_008_0150.jpg,https://farm6.staticflickr.com/5217/5448352266_b0b39ca2d3.jpg
Img_008_0151.jpg,https://farm5.staticflickr.com/4086/5045644344_5f170f4593.jpg
Img_008_0152.jpg,https://farm1.staticflickr.com/751/20570158688_c36ccf7fcd.jpg
Img_008_0153.jpg,https://farm9.staticflickr.com/8716/27907183420_5d99c42e29.jpg
Img_008_0154.jpg,https://farm4.staticflickr.com/3536/3246235923_6bd1220292.jpg
Img_008_0155.jpg,https://farm5.staticflickr.com/4109/5085576189_6eb651e116.jpg
Img_008_0156.jpg,https://farm4.staticflickr.com/3353/3509315404_1492fcf449.jpg
Img_008_0157.jpg,https://farm4.staticflickr.com/3551/3508426033_9a906a99fa.jpg
Img_008_0158.jpg,https://farm4.staticflickr.com/3353/3509247892_2355499979.jpg
Img_008_0159.jpg,https://farm4.staticflickr.com/3609/3508502921_2ce25b9875.jpg
Img_008_0160.jpg,https://farm6.staticflickr.com/5535/12736847925_0917a2a32b.jpg
Img_008_0161.jpg,https://farm4.staticflickr.com/3579/5767967582_80fcb9f65e.jpg
Img_008_0163.jpg,https://farm8.staticflickr.com/7420/12690857533_f50ca44463.jpg
Img_008_0164.jpg,https://farm6.staticflickr.com/5529/12146082726_f4f1ed4512.jpg
Img_008_0165.jpg,https://farm4.staticflickr.com/3777/13183354454_1c4c3729f8.jpg
Img_008_0166.jpg,https://farm4.staticflickr.com/3214/3123474733_a712bae7f4.jpg
Img_008_0167.jpg,https://farm7.staticflickr.com/6080/6094636953_08a99cac08.jpg
Img_008_0168.jpg,https://farm4.staticflickr.com/3046/2974286582_7e05bb848b.jpg
Img_008_0169.jpg,https://farm8.staticflickr.com/7518/16058752991_cc1a18da57.jpg
Img_008_0170.jpg,https://farm5.staticflickr.com/4086/5049519339_80c2d3b504.jpg
Img_008_0171.jpg,https://farm6.staticflickr.com/5063/5600278056_52123e964a.jpg
Img_008_0172.jpg,https://farm3.staticflickr.com/2819/12457034715_903b9a1c9e.jpg
Img_008_0173.jpg,https://farm8.staticflickr.com/7338/12831060745_9b854393fd.jpg
Img_008_0174.jpg,https://farm8.staticflickr.com/7298/12321172423_889f0ae001.jpg
Img_008_0175.jpg,https://farm5.staticflickr.com/4010/4318491856_49b054edf1.jpg
Img_008_0176.jpg,https://farm3.staticflickr.com/2119/2499299084_5995094827.jpg
Img_008_0177.jpg,https://farm8.staticflickr.com/7383/12301152504_3a91c335ca.jpg
Img_008_0178.jpg,https://farm8.staticflickr.com/7219/7138606547_cb71648222.jpg
Img_008_0179.jpg,https://farm8.staticflickr.com/7362/13523305285_983875e0e3.jpg
Img_008_0180.jpg,https://farm6.staticflickr.com/5611/15399824577_02b1e55d06.jpg
Img_008_0181.jpg,https://farm3.staticflickr.com/2871/33835434135_11e74141e1.jpg
Img_008_0182.jpg,https://farm8.staticflickr.com/7342/11886258476_1f00a3b28b.jpg
Img_008_0183.jpg,https://farm3.staticflickr.com/2049/2187428412_232a27a7eb.jpg
Img_008_0184.jpg,https://farm9.staticflickr.com/8381/8556067484_15ea192190.jpg
Img_008_0185.jpg,https://farm3.staticflickr.com/2928/14332990138_551ff065a8.jpg
Img_008_0186.jpg,https://farm3.staticflickr.com/2651/4079959129_806a830020.jpg
Img_008_0187.jpg,https://farm9.staticflickr.com/8617/15663162990_18d184f9fa.jpg
Img_008_0188.jpg,https://farm5.staticflickr.com/4033/4403020473_aa842615fa.jpg
Img_008_0189.jpg,https://farm4.staticflickr.com/3925/14164225639_6f854dc062.jpg
Img_008_0190.jpg,https://farm8.staticflickr.com/7448/12852229963_687181023d.jpg
Img_008_0191.jpg,https://farm3.staticflickr.com/2784/4276344146_27678ba50e.jpg
Img_008_0192.jpg,https://farm5.staticflickr.com/4055/4450251100_96e2d2fa36.jpg
Img_008_0193.jpg,https://farm8.staticflickr.com/7386/12739471243_557a6e5ed1.jpg
Img_008_0195.jpg,https://farm8.staticflickr.com/7410/12743167935_95a4727f2b.jpg
Img_008_0196.jpg,https://farm9.staticflickr.com/8605/15850528045_26c7a1f78b.jpg
Img_008_0197.jpg,https://farm9.staticflickr.com/8593/15742689520_3e16117c1b.jpg
Img_008_0198.jpg,https://farm5.staticflickr.com/4010/4306517684_6898216e50.jpg
Img_008_0199.jpg,https://farm3.staticflickr.com/2819/12307361484_455bcab48d.jpg
Img_008_0201.jpg,https://farm3.staticflickr.com/2831/12903179873_474fe6066c.jpg
Img_008_0202.jpg,https://farm6.staticflickr.com/5485/12333332323_f2f27c1949.jpg
Img_008_0203.jpg,https://farm6.staticflickr.com/5265/5642476645_2989de35bc.jpg
Img_008_0204.jpg,https://farm5.staticflickr.com/4060/4403131449_fee68d1c88.jpg
Img_008_0205.jpg,https://farm4.staticflickr.com/3027/3146395547_48f2f89650.jpg
Img_008_0206.jpg,https://farm5.staticflickr.com/4070/4403019639_9ca632241e.jpg
Img_008_0207.jpg,https://farm4.staticflickr.com/3125/2921778024_21d0195772.jpg
Img_008_0208.jpg,https://farm4.staticflickr.com/3044/2334891852_1a21f9b94f.jpg
Img_008_0209.jpg,https://farm5.staticflickr.com/4040/4429187194_7caac58f67.jpg
Img_008_0210.jpg,https://farm4.staticflickr.com/3777/12323362334_94ee437ca2.jpg
Img_008_0211.jpg,https://farm4.staticflickr.com/3258/2675971854_830666c5ea.jpg
Img_008_0212.jpg,https://farm8.staticflickr.com/7354/12789616413_c7fb6e6be0.jpg
Img_008_0213.jpg,https://farm5.staticflickr.com/4064/4410900308_1861a2c348.jpg
Img_008_0214.jpg,https://farm1.staticflickr.com/337/19569394314_744cc62d20.jpg
Img_008_0215.jpg,https://farm4.staticflickr.com/3829/12299837884_9115c759c7.jpg
Img_008_0216.jpg,https://farm8.staticflickr.com/7535/15608347598_3b754f2a38.jpg
Img_008_0217.jpg,https://farm2.staticflickr.com/1498/24073185144_9f41eb7dc0.jpg
Img_008_0218.jpg,https://farm3.staticflickr.com/2914/14176539505_37427cd0c1.jpg
Img_008_0219.jpg,https://farm4.staticflickr.com/3711/11885030524_99d580a60b.jpg
Img_008_0220.jpg,https://farm8.staticflickr.com/7372/27055712476_d7d268ffae.jpg
Img_008_0221.jpg,https://farm5.staticflickr.com/4013/4249993827_5e0a553417.jpg
Img_008_0222.jpg,https://farm3.staticflickr.com/2817/12312668096_21c9f919ee.jpg
Img_008_0223.jpg,https://farm8.staticflickr.com/7142/6493245909_d732088f5d.jpg
Img_008_0224.jpg,https://farm5.staticflickr.com/4019/4454000086_400798c738.jpg
Img_008_0225.jpg,https://farm6.staticflickr.com/5177/5472971247_ee11a996e1.jpg
Img_008_0228.jpg,https://farm9.staticflickr.com/8229/8534189484_ebc7c2e4bf.jpg
Img_008_0229.jpg,https://farm5.staticflickr.com/4032/4403063365_d6a87a47d0.jpg
Img_008_0230.jpg,https://farm5.staticflickr.com/4112/5084615485_5c5d8c1995.jpg
Img_008_0231.jpg,https://farm3.staticflickr.com/2501/4108838174_5a7caf9fb2.jpg
Img_008_0232.jpg,https://farm8.staticflickr.com/7282/16231822234_6f49e7c91a.jpg
Img_008_0233.jpg,https://farm1.staticflickr.com/643/23615344412_fbdaaae322.jpg
Img_008_0234.jpg,https://farm3.staticflickr.com/2795/4407733037_93d04bf4ed.jpg
Img_008_0235.jpg,https://farm4.staticflickr.com/3804/12299382735_27da435353.jpg
Img_008_0236.jpg,https://farm8.staticflickr.com/7423/12352793323_233b6ee7b0.jpg
Img_008_0237.jpg,https://farm4.staticflickr.com/3732/12303521663_0c1c02e14f.jpg
Img_008_0238.jpg,https://farm8.staticflickr.com/7187/6815225638_992ac7bf0b.jpg
Img_008_0239.jpg,https://farm6.staticflickr.com/5507/12330393594_ab26706326.jpg
Img_008_0240.jpg,https://farm3.staticflickr.com/2752/4178187910_184c791614.jpg
Img_008_0241.jpg,https://farm5.staticflickr.com/4053/4302824669_235c35ca0d.jpg
Img_008_0242.jpg,https://farm8.staticflickr.com/7576/15615434883_f29bb75a12.jpg
Img_008_0243.jpg,https://farm6.staticflickr.com/5281/5289239806_6863a99a55.jpg
Img_008_0244.jpg,https://farm1.staticflickr.com/88/234669335_560fadd27c.jpg
Img_008_0245.jpg,https://farm9.staticflickr.com/8595/16666590818_eb4c3fa2ba.jpg
Img_008_0247.jpg,https://farm3.staticflickr.com/2533/4157744488_1c04846047.jpg
Img_008_0248.jpg,https://farm3.staticflickr.com/2620/4108849472_46d5eb9746.jpg
Img_008_0249.jpg,https://farm8.staticflickr.com/7365/12304369636_40b506a6d5.jpg
Img_008_0250.jpg,https://farm6.staticflickr.com/5281/5308928481_22f99bab50.jpg
Img_008_0251.jpg,https://farm4.staticflickr.com/3204/3150213046_28f6b77a08.jpg
Img_008_0252.jpg,https://farm3.staticflickr.com/2632/4108083081_f734901a55.jpg
Img_008_0253.jpg,https://farm3.staticflickr.com/2325/1578303286_e833e1b1a9.jpg
Img_008_0254.jpg,https://farm4.staticflickr.com/3301/4580472767_89787dea7c.jpg
Img_008_0255.jpg,https://farm3.staticflickr.com/2519/4108837808_02b10c34ba.jpg
Img_008_0257.jpg,https://farm3.staticflickr.com/2439/4010521097_3f90811037.jpg
Img_008_0258.jpg,https://farm8.staticflickr.com/7576/16226436672_20559c9191.jpg
Img_008_0260.jpg,https://farm4.staticflickr.com/3940/15608308042_735d50741a.jpg
Img_008_0261.jpg,https://farm2.staticflickr.com/1592/24164649859_bb7c331940.jpg
Img_008_0262.jpg,https://farm3.staticflickr.com/2819/12740674593_72a4a56d06.jpg
Img_008_0263.jpg,https://farm5.staticflickr.com/4131/5174293588_74aa61bffb.jpg
Img_008_0264.jpg,https://farm7.staticflickr.com/6052/6362332427_e643882755.jpg
Img_008_0265.jpg,https://farm3.staticflickr.com/2556/3723560566_d244019f1c.jpg
Img_008_0266.jpg,https://farm4.staticflickr.com/3687/14125493668_0913c266df.jpg
Img_008_0269.jpg,https://farm4.staticflickr.com/3515/3275359283_780fffcb21.jpg
Img_008_0271.jpg,https://farm1.staticflickr.com/563/22127880630_8777caf63b.jpg
Img_008_0272.jpg,https://farm7.staticflickr.com/6157/6256684849_5b7e9d3ced.jpg
Img_008_0273.jpg,https://farm6.staticflickr.com/5249/5257002505_8a2f27dd35.jpg
Img_008_0274.jpg,https://farm5.staticflickr.com/4040/4378918478_a465d7e52d.jpg
Img_008_0275.jpg,https://farm8.staticflickr.com/7317/12307902133_b887151b64.jpg
Img_008_0276.jpg,https://farm8.staticflickr.com/7399/13120471524_f38bdc0d06.jpg
Img_008_0277.jpg,https://farm8.staticflickr.com/7641/16853034272_c052bfa69b.jpg
Img_008_0278.jpg,https://farm8.staticflickr.com/7396/12303713935_68abb75e88.jpg
Img_008_0279.jpg,https://farm6.staticflickr.com/5528/11249305384_ac313f233f.jpg
Img_008_0280.jpg,https://farm6.staticflickr.com/5179/5519478306_388f94fd63.jpg
Img_008_0281.jpg,https://farm6.staticflickr.com/5502/12305263275_93b6d2d17f.jpg
Img_008_0282.jpg,https://farm9.staticflickr.com/8634/16482237048_dac45b8a60.jpg
Img_008_0283.jpg,https://farm6.staticflickr.com/5480/9657470449_99e25292d5.jpg
Img_008_0284.jpg,https://farm8.staticflickr.com/7211/7004774067_8e8a82e363.jpg
Img_008_0286.jpg,https://farm5.staticflickr.com/4145/4833557557_ed069a8060.jpg
Img_008_0287.jpg,https://farm4.staticflickr.com/3651/3425855348_c574ef8c74.jpg
Img_008_0288.jpg,https://farm9.staticflickr.com/8639/16010137935_03307de4a7.jpg
Img_008_0292.jpg,https://farm4.staticflickr.com/3566/3493000177_5b6ab8831c.jpg
Img_008_0293.jpg,https://farm8.staticflickr.com/7454/12742106803_30e22ab532.jpg
Img_008_0294.jpg,https://farm8.staticflickr.com/7305/13343859984_50de98ab48.jpg
Img_008_0295.jpg,https://farm9.staticflickr.com/8091/8534074870_1e0ab8b924.jpg
Img_008_0296.jpg,https://farm8.staticflickr.com/7428/12311738124_d4ff527cbb.jpg
Img_008_0297.jpg,https://farm3.staticflickr.com/2481/3921461053_3a016365c3.jpg
Img_008_0298.jpg,https://farm6.staticflickr.com/5062/5609599888_5e89322dbf.jpg
Img_008_0299.jpg,https://farm7.staticflickr.com/6235/6257573338_2a41f9b65c.jpg
Img_008_0301.jpg,https://farm4.staticflickr.com/3801/12311476693_2ac9aa21e9.jpg
Img_008_0302.jpg,https://farm6.staticflickr.com/5493/12738864214_19f1be2269.jpg
Img_008_0303.jpg,https://farm4.staticflickr.com/3910/14749819587_9eeabf6d6b.jpg
Img_008_0304.jpg,https://farm6.staticflickr.com/5480/12300829355_2c376be573.jpg
Img_008_0305.jpg,https://farm6.staticflickr.com/5519/12300551866_7beb76b053.jpg
Img_008_0306.jpg,https://farm6.staticflickr.com/5203/5222899233_0df9f4eb3d.jpg
Img_008_0307.jpg,https://farm3.staticflickr.com/2834/12315508715_bef430bfe9.jpg
Img_008_0308.jpg,https://farm8.staticflickr.com/7351/10851708554_d8958fd1bd.jpg
Img_008_0309.jpg,https://farm3.staticflickr.com/2334/2203732956_c9b8c08708.jpg
Img_008_0310.jpg,https://farm3.staticflickr.com/2885/33706332811_1ab375f93c.jpg
Img_008_0311.jpg,https://farm3.staticflickr.com/2851/12425161654_6de2f6d0a5.jpg
Img_008_0313.jpg,https://farm4.staticflickr.com/3938/33022015373_9b5c7431a6.jpg
Img_008_0314.jpg,https://farm6.staticflickr.com/5517/11047924555_0daabc7944.jpg
Img_008_0315.jpg,https://farm5.staticflickr.com/4008/4303091229_cd142d3923.jpg
Img_008_0316.jpg,https://farm2.staticflickr.com/1520/25099540629_5719cf215e.jpg
Img_008_0317.jpg,https://farm4.staticflickr.com/3748/12292987013_2db8a5c8d0.jpg
Img_008_0318.jpg,https://farm6.staticflickr.com/5153/14447798987_da39d16f90.jpg
Img_008_0319.jpg,https://farm8.staticflickr.com/7407/12324454123_0366a1e5b0.jpg
Img_008_0320.jpg,https://farm6.staticflickr.com/5527/12739430924_c79a1d65dc.jpg
Img_008_0321.jpg,https://farm6.staticflickr.com/5488/12307569583_e56e4c5729.jpg
Img_008_0322.jpg,https://farm6.staticflickr.com/5506/12812080744_f0307f8572.jpg
Img_008_0323.jpg,https://farm2.staticflickr.com/1545/24079050400_b9e28cc3bb.jpg
Img_008_0325.jpg,https://farm8.staticflickr.com/7458/12383640355_1508ca5076.jpg
Img_008_0326.jpg,https://farm1.staticflickr.com/259/31604085463_bb9aede881.jpg
Img_008_0327.jpg,https://farm8.staticflickr.com/7388/12836387004_aa49e0e70b.jpg
Img_008_0330.jpg,https://farm6.staticflickr.com/5486/11644251363_8cd576de63.jpg
Img_008_0331.jpg,https://farm3.staticflickr.com/2385/2191389692_5d46f3f106.jpg
Img_008_0332.jpg,https://farm2.staticflickr.com/1627/26456115711_d50df8de71.jpg
Img_008_0333.jpg,https://farm3.staticflickr.com/2823/12306453834_8615774003.jpg
Img_008_0334.jpg,https://farm5.staticflickr.com/4058/4525706026_c166b0832b.jpg
Img_008_0335.jpg,https://farm4.staticflickr.com/3395/3550563417_3697bb2bd9.jpg
Img_008_0336.jpg,https://farm4.staticflickr.com/3256/2894062309_0ea8485605.jpg
Img_008_0338.jpg,https://farm4.staticflickr.com/3777/12311842316_2daa253406.jpg
Img_008_0340.jpg,https://farm6.staticflickr.com/5007/5359299298_9d6b21a921.jpg
Img_008_0342.jpg,https://farm4.staticflickr.com/3707/12738207413_d477642bcc.jpg
Img_008_0344.jpg,https://farm3.staticflickr.com/2743/4034802422_754a78da0c.jpg
Img_008_0345.jpg,https://farm3.staticflickr.com/2872/12942685043_f439598bcd.jpg
Img_008_0347.jpg,https://farm3.staticflickr.com/2857/9578188455_7daaef0fcf.jpg
Img_008_0350.jpg,https://farm8.staticflickr.com/7407/12763864533_e1810433c6.jpg
Img_008_0351.jpg,https://farm3.staticflickr.com/2837/12317913255_04d59e439d.jpg
Img_008_0353.jpg,https://farm4.staticflickr.com/3816/12319779774_3298758d1a.jpg
Img_008_0354.jpg,https://farm6.staticflickr.com/5161/5299365231_a5eb7e3a3c.jpg
Img_008_0355.jpg,https://farm8.staticflickr.com/7316/12557276064_d9d47ff395.jpg
Img_008_0356.jpg,https://farm8.staticflickr.com/7339/12772299763_4d39bee742.jpg
Img_008_0357.jpg,https://farm3.staticflickr.com/2889/12308035253_f565d2c6b8.jpg
Img_008_0358.jpg,https://farm8.staticflickr.com/7309/12739564414_f29622b007.jpg
Img_008_0359.jpg,https://farm8.staticflickr.com/7030/27111414832_b149b49bf8.jpg
Img_008_0360.jpg,https://farm4.staticflickr.com/3717/12300807934_f0c1d0e424.jpg
Img_008_0361.jpg,https://farm8.staticflickr.com/7380/9269314296_72a07c5ce2.jpg
Img_008_0362.jpg,https://farm4.staticflickr.com/3947/32116519493_b3b4103618.jpg
Img_008_0363.jpg,https://farm6.staticflickr.com/5322/29974398842_a36453e7e8.jpg
Img_008_0364.jpg,https://farm7.staticflickr.com/6073/6137043954_a38d252620.jpg
Img_008_0365.jpg,https://farm3.staticflickr.com/2883/33949715006_195c323b94.jpg
Img_008_0366.jpg,https://farm8.staticflickr.com/7026/26986072676_13c7451d3f.jpg
Img_008_0367.jpg,https://farm5.staticflickr.com/4072/4390837771_92f64a934a.jpg
Img_008_0369.jpg,https://farm5.staticflickr.com/4101/4937048693_63c411157f.jpg
Img_008_0370.jpg,https://farm6.staticflickr.com/5809/23639209960_df6184e84e.jpg
Img_008_0372.jpg,https://farm6.staticflickr.com/5515/12557142464_f95d769373.jpg
Img_008_0373.jpg,https://farm9.staticflickr.com/8420/30232395435_823435bcf3.jpg
Img_008_0374.jpg,https://farm5.staticflickr.com/4040/4225416824_5c286203ef.jpg
Img_008_0377.jpg,https://farm2.staticflickr.com/1648/25232694329_37b0d2c2cb.jpg
Img_008_0379.jpg,https://farm2.staticflickr.com/1481/25507533301_cb22bab813.jpg
Img_008_0381.jpg,https://farm8.staticflickr.com/7388/11024676813_19cf091b2c.jpg
Img_008_0383.jpg,https://farm3.staticflickr.com/2861/12737544355_4a4c08f940.jpg
Img_008_0384.jpg,https://farm8.staticflickr.com/7425/12303378754_b8cd520dd0.jpg
Img_008_0386.jpg,https://farm8.staticflickr.com/7426/12321593215_9bab9201ed.jpg
Img_008_0387.jpg,https://farm6.staticflickr.com/5508/12322688204_7220e63a27.jpg
Img_008_0388.jpg,https://farm2.staticflickr.com/1701/25040558576_74c69900bd.jpg
Img_008_0389.jpg,https://farm8.staticflickr.com/7333/11097169893_f23c797105.jpg
Img_008_0392.jpg,https://farm8.staticflickr.com/7568/26688032054_d3836708b2.jpg
Img_008_0393.jpg,https://farm5.staticflickr.com/4099/4958834289_288e2ce26d.jpg
Img_008_0398.jpg,https://farm8.staticflickr.com/7321/12364320134_746ea24e36.jpg
Img_008_0399.jpg,https://farm8.staticflickr.com/7063/13696386114_32940e6267.jpg
Img_008_0400.jpg,https://farm4.staticflickr.com/3729/12740861685_60d4810d13.jpg
Img_008_0401.jpg,https://farm7.staticflickr.com/6129/5929317447_b521542461.jpg
Img_008_0402.jpg,https://farm1.staticflickr.com/321/20192054515_cd4fe9f8e7.jpg
Img_008_0404.jpg,https://farm2.staticflickr.com/1390/4730948182_e60ea08a96.jpg
Img_008_0408.jpg,https://farm4.staticflickr.com/3798/12783964055_f2a939372f.jpg
Img_008_0409.jpg,https://farm1.staticflickr.com/476/20005436499_6ec8766455.jpg
Img_008_0411.jpg,https://farm2.staticflickr.com/1579/25974761391_64a75f3015.jpg
Img_008_0413.jpg,https://farm4.staticflickr.com/3699/12301808754_404589bcfd.jpg
Img_008_0415.jpg,https://farm1.staticflickr.com/358/20165791456_1c8d4d2a69.jpg
Img_008_0416.jpg,https://farm2.staticflickr.com/1557/26041138555_acc2917a98.jpg
Img_008_0417.jpg,https://farm8.staticflickr.com/7371/12304471996_8fa562f6eb.jpg
Img_008_0419.jpg,https://farm6.staticflickr.com/5345/29986638406_57978cfafb.jpg
Img_008_0420.jpg,https://farm4.staticflickr.com/3788/11128799986_f65e40d357.jpg
Img_008_0421.jpg,https://farm6.staticflickr.com/5493/12305437175_277870e66f.jpg
Img_008_0422.jpg,https://farm1.staticflickr.com/683/21270257615_612e245ee3.jpg
Img_008_0423.jpg,https://farm1.staticflickr.com/733/21686387891_3d11d8f40e.jpg
Img_008_0424.jpg,https://farm3.staticflickr.com/2632/3904249430_4ee8c9afae.jpg
Img_008_0425.jpg,https://farm4.staticflickr.com/3667/12296486473_819a9531ee.jpg
Img_008_0426.jpg,http://postfiles11.naver.net/20160524_74/agjag1521_1464032396729nU2Pu_JPEG/%BC%AD%B8%E9_%B0%ED%B1%E2%B1%C1%B4%C2%B3%B2%C0%DA_1.JPG?type=w966
Img_008_0427.jpg,http://cdn.jinfooduae.com/wp-content/uploads/2017/04/%EB%B2%8C%EC%A7%91%EC%82%BC%EA%B2%B9%EC%82%B44-400x320.jpg
Img_008_0430.jpg,http://postfiles15.naver.net/MjAxNzAzMjBfOTcg/MDAxNDkwMDE4MTk1NzAz.6RgsyOIPH-tnTC3D3_cSV1GLsfR_mhBP1KBorcGarEQg.AdVAOCRFBKvUc1ZGN3nizSi9Jcq8aCCSP9jxgiha7Wsg.JPEG.stratsta/naver-%EC%82%BC%EC%84%B1%EC%97%AD%EB%A7%9B%EC%A7%91-%EC%82%BC%EC%9C%A1%EA%B0%80-%EC%88%99%EC%84%B1%EC%82%BC%EA%B2%B9%EC%82%B4-13.jpg?type=w966
Img_008_0431.jpg,https://i.ytimg.com/vi/ulVYYoXX6c8/hqdefault.jpg
Img_008_0432.jpg,https://i.ytimg.com/vi/IsEVv1Jt2Ro/maxresdefault.jpg
Img_008_0434.jpg,http://cfile22.uf.tistory.com/image/264D923457865CCE10247B
Img_008_0435.jpg,https://i.ytimg.com/vi/Q4sCs-Je7Wk/maxresdefault.jpg
Img_008_0436.jpg,http://img.wemep.co.kr/dealimg/201106/4228/ada8cf791a5ebd716208fa117717b4801d686045.jpg
Img_008_0437.jpg,http://img.insight.co.kr/static/2017/03/02/700/2CT7QUNSD997P5VVQU23.jpg
Img_008_0438.jpg,http://postfiles9.naver.net/MjAxNzAxMDZfOTYg/MDAxNDgzNjYwMzg1MzYx.Q12dKob9059MTTH-1n9WPSfhJBAv8Dfm6NXrxIr7hAcg.IDbJ10Dj-O7xUW2Boi-WJ_HJWQLYp5FrRn6JNhb8XYAg.JPEG.290eun/IMG_2682.JPG?type=w966
Img_008_0439.jpg,http://loislab.cafe24.com/wp-content/uploads/2016/04/%EB%8F%99%EA%B5%B4%EC%82%BC%EA%B2%B9%EC%82%B414-645x300.jpeg
Img_008_0440.jpg,http://pds.joins.com/news/component/htmlphoto_mmdata/201702/27/117f5b49-1d09-4550-8ab7-87c0d82614de.jpg
Img_008_0441.jpg,http://kunsan.phps.kr/hansap/image/IMG_6421.JPG
Img_008_0443.jpg,https://farm8.staticflickr.com/7015/6794619005_d6a28acc50.jpg
Img_008_0444.jpg,http://cfile10.uf.tistory.com/image/234DC5355815729E2058C0
Img_008_0445.jpg,http://mblogthumb4.phinf.naver.net/MjAxNzAxMDVfMTg4/MDAxNDgzNTk0NDc4MzQ2.d3bm5z3K0D3Ppt9XmXnn9xb-L0BsaStYxbB1tGwyNS8g.xNjnNCEnlZ4fn_zZg_vjnJ1QANdqMbvIyZsm1sAoQRMg.JPEG.spring8567/IMG_3963.JPG?type=w800
Img_008_0446.jpg,http://postfiles1.naver.net/20160720_256/ddaeng4100_1468985613215j8FBr_PNG/111.PNG?type=w580
Img_008_0447.jpg,http://news.kbs.co.kr/data/news/2017/03/02/3437825_AXD.png
Img_008_0449.jpg,http://cfile22.uf.tistory.com/image/26072C4A5547D2E033B046
Img_008_0450.jpg,http://cfile6.uf.tistory.com/image/2667B0415783368B296513
Img_008_0451.jpg,http://cfile22.uf.tistory.com/image/25266049528AE9BE38D288
Img_008_0452.jpg,http://postfiles6.naver.net/20160313_229/jaegonhj_1457874544414PpeC0_JPEG/SAM_1184.JPG?type=w1
Img_008_0453.jpg,http://cfile6.uf.tistory.com/image/2431263958B8DA212C9835
Img_008_0454.jpg,http://mblogthumb2.phinf.naver.net/MjAxNjExMjBfMjU5/MDAxNDc5NjQzNzM2MTg0.kV-VMHLbM0-MOQbjHQy7eM5_byPFpLpf8r7bhq4QTbIg.zZaLtHu7vzVOjyKYsFUrNWubjSAdDwfDZKZmLE9i6Wkg.JPEG.clauds/%EC%82%BC%EA%B2%B9%EC%82%B4_%EA%B7%BC%EC%A0%91%EC%83%B7_%282%29.JPG?type=w800
Img_008_0455.jpg,http://postfiles10.naver.net/20160521_137/sjy12222_14638027383517nIA7_JPEG/IMG_5135.JPG?type=w773
Img_008_0456.jpg,http://health.chosun.com/site/data/img_dir/2017/03/03/2017030301402_0.jpg
Img_008_0457.jpg,http://www.dongbuwebzine.com/2014/04/img/fun/title.jpg
Img_008_0458.jpg,http://postfiles2.naver.net/20160331_113/hello_ock_1459418187000OdHG9_JPEG/%BA%D2%B6%F5%BC%AD%BB%EF%B0%E3%BB%ECIMG_0197.JPG?type=w966
Img_008_0459.jpg,http://pds.joins.com/news/component/htmlphoto_mmdata/201211/12/htm_201211125491230103011.jpg
Img_008_0461.jpg,https://i3.wp.com/kr.hypebeast.com/files/2017/06/choiza-road-pork-009.jpeg?w=1024
Img_008_0462.jpg,http://cfile9.uf.tistory.com/image/240D5A40567A60C52B6E49
Img_008_0463.jpg,http://cfile23.uf.tistory.com/image/2122773A57BAEDDB0D6C82
Img_008_0464.jpg,http://postfiles14.naver.net/MjAxNzAzMjdfMyAg/MDAxNDkwNTQ1NTkzNTI4.EgMYA9oAScXwVEKU3bNOB2oqiAZUFp_iB0AA_DZNqgYg.8Kd1YiZfnoJEJndAhdkuIoph_6QKHcMDN1aAQOrDNgkg.JPEG.jancangi/%EC%83%81%EC%95%94%EB%8F%99_%EB%A7%9B%EC%A7%91%EC%9B%94%ED%99%94%EA%B3%A0%EA%B8%B0_-_%EB%8F%99%EB%AC%BC%EB%B3%B5%EC%A7%80%EB%86%8D%EC%9E%A5%EC%97%90%EC%84%9C_%EB%82%98%EB%8A%94_%EC%B0%A9%ED%95%9C_%EC%82%BC%EA%B2%B9%EC%82%B4_14.JPG?type=w966
Img_008_0465.jpg,https://www.menupan.com/common/service/img_proxy.asp?src=http%3A%2F%2Fpostfiles8.naver.net%2F20160111_39%2Fdotdot2girl_1452472611800aPpx2_JPEG%2FIMG_5653.JPG%3Ftype%3Dw1
Img_008_0466.jpg,http://smlounge.co.kr/upload/woman/article/201703/thumb/33723-215513-sample.jpg
Img_008_0467.jpg,http://recipe.ezmember.co.kr/cache/recipe/2015/06/04/4afe9ba373636ae9cc23dcae66bde6971_m.jpg
Img_008_0468.jpg,http://cfile239.uf.daum.net/image/244A6B4151ACAB9F194A19
Img_008_0469.jpg,http://cfile1.uf.tistory.com/image/2331113C56D673E006F9BA
Img_008_0470.jpg,http://pds.joins.com/news/component/htmlphoto_mmdata/201509/08/htm_20150908329363700s064.jpg
Img_008_0471.jpg,http://cfile9.uf.tistory.com/image/2623604958DCA48A0B757F
Img_008_0472.jpg,http://cfile10.uf.tistory.com/image/26402F3C594A23A9210663
Img_008_0473.jpg,http://mblogthumb4.phinf.naver.net/MjAxNjExMjNfNjcg/MDAxNDc5ODc0NDg5MzQ1.DQIeJ3wDa7bagHAo1moTNGVXrnpjGm2h5WiAxUV9aMog.Q49XuJvcm0yJ8z6yqCC_Vuumz7TLt09TLy_YCyxdHVog.JPEG.dbstnwls0331/%EC%95%BC%ED%83%91_%EC%82%BC%EA%B2%B9%EC%82%B4_%EC%95%BC%ED%83%91_%ED%9A%8C%EC%8B%9D%EC%9E%A5%EC%86%8C_%EC%95%BC%ED%83%91_%EA%B3%A0%EA%B8%B0%EC%A7%91_%ED%95%A8%EB%B3%91%ED%98%84%EA%B9%80%EC%B9%98%EB%A7%90%EC%9D%B4%EA%B5%AD%EC%88%98_%2833%29.JPG?type=w800
Img_008_0474.jpg,http://food.chosun.com/site/data/img_dir/2013/07/30/2013073000849_0.jpg
Img_008_0475.jpg,http://cfile5.uf.tistory.com/image/22376E3D548E7BB414CD66
Img_008_0476.jpg,http://postfiles4.naver.net/MjAxNzA3MTBfMjg4/MDAxNDk5NjU3MDc4ODI3.YeNBJ0LCSsyRjXIFDYBA4y4Rhqa--qngmt2Kp1iKZq4g.KMd1wBsZM3UBCT7xXvhxu9PZ677Yef6pyfHbkvxKAFYg.JPEG.jancangi/%EB%B3%B4%EB%9D%BC%EB%A7%A4_%EB%A7%9B%EC%A7%91%EC%9B%94%ED%99%94%EA%B3%A0%EA%B8%B0_-_%EC%84%9C%EC%9A%B8_%EC%82%BC%EA%B2%B9%EC%82%B4_%EB%A7%9B%EC%A7%91%EC%9C%BC%EB%A1%9C_%EC%86%90%EC%83%89%EC%97%86%EB%8A%94_10.JPG?type=w966
Img_008_0477.jpg,http://img.yonhapnews.co.kr/photo/cms/2011/08/13/01/C0A8CA3D00000131BEC32D1600028DA0_P2.jpeg
Img_008_0478.jpg,http://cfile3.uf.tistory.com/image/21015A3557A2825207122B
Img_008_0480.jpg,http://pds.joins.com/news/component/htmlphoto_mmdata/201702/20/aee82218-67ef-439c-8999-8a6dac82147a.jpg
Img_008_0481.jpg,https://scontent-lga3-1.cdninstagram.com/t51.2885-15/e15/20590279_281416715672095_4638708831667355648_n.jpg
Img_008_0482.jpg,http://foodkoreaguide.com/wp-content/uploads/2016/03/Food-Korea-Guide-Aged-Pork-Belly-%EC%88%99%EC%84%B1%EC%82%BC%EA%B2%B9%EC%82%B4.jpg
Img_008_0484.jpg,http://cfile7.uf.tistory.com/image/152D55414E49A85D2C65EE
Img_008_0487.jpg,http://cfile231.uf.daum.net/image/176EB2354C7A71DACF22E5
Img_008_0488.jpg,http://mblogthumb4.phinf.naver.net/20160704_91/cakamela_1467600088587JQ9Om_GIF/image-2.gif?type=w800
Img_008_0489.jpg,http://pds.joins.com/news/component/htmlphoto_mmdata/201702/27/ab1ea2d7-47c6-4260-8135-80eb718ea2bf.jpg
Img_008_0490.jpg,http://cfile3.uf.tistory.com/image/25402A41586A633D1EB902
Img_008_0492.jpg,http://cfile5.uf.tistory.com/image/26424636534B4D9B2452E5
Img_008_0493.jpg,http://foodkoreaguide.com/wp-content/uploads/2016/11/Food-Korea-Guide-Ihanga-Samgyeopsal-%EC%9D%B4%ED%95%AD%EC%95%84-%EC%82%BC%EA%B2%B9%EC%82%B4.jpg
Img_008_0494.jpg,http://cfile9.uf.tistory.com/image/221DAC36574782332FF845
Img_008_0495.jpg,http://image.chosun.com/sitedata/image/201706/02/2017060202066_0.jpg
Img_008_0496.jpg,http://blogthumb2.naver.net/20160303_76/malgeum__1456997086626BIXkM_JPEG/NaverBlog_20160303_182446_01.jpg?type=w2
Img_008_0498.jpg,https://cdn.pixabay.com/photo/2015/03/12/03/02/pork-669562_960_720.jpg
Img_008_0499.jpg,http://cfile21.uf.tistory.com/image/2424A04D5812DE4E1F8654
Img_008_0501.jpg,https://seoulprice.com/media/CACHE/images/review/0981ad38-3bf0-458d-8294-7789a1c1496d/aebcf03e467f0aaaec11eb17dfd90dc2.jpg
Img_008_0503.jpg,http://www.hanampig.co.kr/new/upload/menu_01/2017_01_26/admin_Gxuop_2017_01_26_13_37_20.jpg
Img_008_0504.jpg,http://health.chosun.com/site/data/img_dir/2009/09/28/2009092800994_0.jpg
Img_008_0505.jpg,http://postfiles3.naver.net/MjAxNzA0MTJfMjY1/MDAxNDkyMDA1MTczNjQ4.7i8Pnp1P3T5epdTtrwVzEiNft27Pv8TiEA-GO9qcuOMg.ltjaphat27t2qMJfGorv7w_NTW3IlDyTivYmHENCfHUg.JPEG.heaven375/1492005117952.jpg?type=w966
Img_008_0511.jpg,http://cfile238.uf.daum.net/image/196134164AE63E199B9B9F
Img_008_0513.jpg,http://m.menupan.com/script/util/img_proxy.asp?src=http%3A%2F%2Fpostfiles16.naver.net%2F20140321_15%2Fvvpinkvv_1395385078400Yls07_JPEG%2FIMG_7562.JPG%3Ftype%3Dw1
Img_008_0514.jpg,http://food.chosun.com/site/data/img_dir/2014/02/03/2014020301718_2.jpg
Img_008_0517.jpg,http://recipe.ezmember.co.kr/cache/recipe/2015/05/22/3eaba23420de22c13df312a53697836e1_m.jpg
Img_008_0518.jpg,http://vietnamlife.co.kr/wp-content/uploads/2016/02/aaa19.jpg
Img_008_0519.jpg,http://cfile30.uf.tistory.com/image/217D884B51922BEC1F56DE
Img_008_0520.jpg,http://www.ohfun.net/contents/article/images/2016/1020/1476938253786203.jpeg
Img_008_0523.jpg,http://cfile9.uf.tistory.com/image/2656864A551E4ECF12EF4F
Img_008_0530.jpg,http://pds.joins.com/news/component/joongboo/201607/15/1089482_1001822_1310.jpg
Img_008_0532.jpg,http://cfile4.uf.tistory.com/image/231DF535528C22BA26046D
Img_008_0533.jpg,http://thumbnail.egloos.net/800x0/http://pds27.egloos.com/pds/201411/23/80/c0118280_5471608d690f7.jpg
Img_008_0535.jpg,http://cfile1.uf.tistory.com/image/230F554959626BF307A21C
Img_008_0537.jpg,http://cfile3.uf.tistory.com/image/266C623E5305E39B23ABF8
Img_008_0541.jpg,http://t1.daumcdn.net/liveboard/wifetable/6e55a778a3ef4b2e917d3d76c2b40c8f.JPG
Img_008_0544.jpg,https://pbs.twimg.com/media/CgPtT-YVIAEqCRh.jpg
Img_008_0545.jpg,http://cfile6.uf.tistory.com/image/213A754557DA29AB0D41ED
Img_008_0550.jpg,http://img1.ezday.co.kr/cache/board/2011/03/02/ae40ad1c4250af20e0f7c41fa70831c0.jpg
Img_008_0554.jpg,http://cfile2.uf.tistory.com/image/224574355473365023C2BB
Img_008_0555.jpg,http://cfile29.uf.tistory.com/image/264C96415643F5112DD7F4
Img_008_0561.jpg,http://cfile26.uf.tistory.com/image/22110F39594CA4432C4FD6
Img_008_0562.jpg,http://food.chosun.com/site/data/img_dir/2012/08/03/2012080301698_0.jpg
Img_008_0563.jpg,http://cfile1.uf.tistory.com/image/2267D8455844B62F0AF179
Img_008_0565.jpg,http://cfile5.uf.tistory.com/image/1113B3404F281AC334D45D
Img_008_0566.jpg,http://cfile5.uf.tistory.com/image/246A6C3E55FA7CEA112B12
Img_008_0567.jpg,http://cfile6.uf.tistory.com/image/2627553F58C4152901F975
Img_008_0568.jpg,http://img.danawa.com/images/attachFiles/4/218/3217307_7.jpeg
Img_008_0570.jpg,http://cfile7.uf.tistory.com/image/235A2242523880D33497F4
Img_008_0574.jpg,https://homecuisine.co.kr/files/attach/images/140/064/010/1e4c9ec738be6433bc4dbebcba98636d.JPG
Img_008_0578.jpg,http://cfile221.uf.daum.net/image/2467BC47575F530907BF12
Img_008_0579.jpg,https://s3-ap-northeast-1.amazonaws.com/tahoe-dev/places/1053903/menus/1053903_179_1450178548309.jpg
Img_008_0581.jpg,http://s2.dmcdn.net/ZP7Ir/1280x720-lvs.jpg
Img_008_0583.jpg,http://cfile8.uf.tistory.com/image/2026C0484F84CD0F3DC13A
Img_008_0584.jpg,http://pds16.egloos.com/pds/200912/18/96/e0063996_4b2b7b06007a9.jpg
Img_008_0587.jpg,http://timetree.zumst.com/2014/02/21/10/ea0628bd40744003a28120b2a9f9e00b.JPG
Img_008_0588.jpg,http://cfile23.uf.tistory.com/image/226B444655D3FD1E1A83E8
Img_008_0589.jpg,http://cfile21.uf.tistory.com/image/2110053556DA7CC22396C9
Img_008_0592.jpg,http://cfile23.uf.tistory.com/image/2778C0395686626F330EF0
Img_008_0593.jpg,http://cfile8.uf.tistory.com/image/240F544851A540FA047B44
Img_008_0597.jpg,http://foodkoreaguide.com/wp-content/uploads/2014/12/Food-Korea-Guide-Samgyeopsal-%EC%83%9D%EC%82%BC%EA%B2%B9%EC%82%B4.jpg
Img_008_0598.jpg,http://www.maangchi.com/wp-content/uploads/2009/09/grilled-porkbelly_cut1.jpg
Img_008_0599.jpg,https://i.ytimg.com/vi/ulVYYoXX6c8/hqdefault.jpg
Img_008_0603.jpg,http://cfile227.uf.daum.net/image/1704AC1B4CB6EF800E5D5A
Img_008_0720.jpg,http://postfiles9.naver.net/MjAxNzA4MDFfMjMy/MDAxNTAxNTg1MTYxOTEz.pKtI2Kqv7KmfAZCAbQ3wowIDIRBIQdZ6c2tLyZ9bZOUg.2enr7m0tQIJkSemkCWIDmkrRqHI7Zr7X2iFwMARRIaYg.GIF.fairy5816/%EC%97%B0%EC%8B%A0%EB%82%B4_%EC%82%BC%EA%B2%B9%EC%82%B4_%EB%A7%9B%EC%A7%91_%EA%BD%83%EB%8F%BC%EC%A7%80%EA%B0%A4%EB%9F%AC%EB%A6%AC_%EB%AC%B4%ED%95%9C%EB%A6%AC%ED%95%8448_%EC%9B%80%EC%A7%A4.gif?type=w966
Img_008_0920.jpg,http://cfile24.uf.tistory.com/image/261FEB4352A1233809EF28
Img_008_0921.jpg,http://blogthumb2.naver.net/20151214_110/stormyou1_14500990691383pimS_JPEG/%A4%B1%A4%A4%A4%B7%A4%B1%A4%A4%A4%B7.jpg?type=w2
Img_008_0947.jpg,https://cdn.pixabay.com/photo/2016/04/05/09/17/pork-1308988_960_720.jpg
Img_008_0949.jpg,https://travelthayer.files.wordpress.com/2013/03/samgyeopsal-149.jpg
Img_008_0950.jpg,https://greenwalledtower.files.wordpress.com/2014/02/samgyeopsal-2.jpg
Img_008_0951.jpg,https://greenwalledtower.files.wordpress.com/2014/02/samgyeopsal.jpg
Img_008_0952.jpg,http://lh4.ggpht.com/_TND_RB4O2UY/SYk2IvqwrDI/AAAAAAAAYxQ/rSFN7zYc_1A/s800/samgyeopsal01.jpg
Img_008_0953.jpg,http://api.koreatimes.com/api/res/photobyuser/springnote/sn_49F22DE5-89F0-45F8-B8C6-2AF574351439.jpg
Img_008_0954.jpg,http://3.bp.blogspot.com/-8K1OQpO3dPQ/Tut1XrLvOaI/AAAAAAAAAMc/SecavO-ytm4/s1600/tkarks13.jpg
Img_008_0955.jpg,https://scontent.cdninstagram.com/hphotos-xfa1/t51.2885-15/s640x640/e35/sh0.08/11264177_1465188670447947_1922011236_n.jpg
Img_008_0958.jpg,https://scontent.cdninstagram.com/t51.2885-15/e35/13731390_1812102609026247_1352112793_n.jpg?ig_cache_key=MTMxMDAzNTkxMDkzMDI5NTE4Nw%3D%3D.2
Img_008_0961.jpg,https://scontent.cdninstagram.com/t51.2885-15/e35/17126118_1833999803532726_1694775849980526592_n.jpg
Img_008_0962.jpg,http://cfile226.uf.daum.net/image/1835F137509F8235148122
Img_008_0964.jpg,http://recipe.ezmember.co.kr/cache/recipe/2015/05/22/3eaba23420de22c13df312a53697836e1_m.jpg
Img_008_0966.jpg,https://ggtour.or.kr/wp-content/uploads/2013/11/DSC02785.jpg
Img_008_0968.JPG,http://postfiles10.naver.net/20160202_217/rnalgh5746_1454383777124yD1Qr_JPEG/DSC05016.JPG?type=w966
Img_008_0972.jpg,https://i.ytimg.com/vi/IBwy9s7aSuU/hqdefault.jpg
Img_008_0973.jpg,https://i.ytimg.com/vi/vNooIHEUgpk/hqdefault.jpg
Img_008_0974.jpg,http://i.ytimg.com/vi/Vy19VqtYiKc/hqdefault.jpg
Img_008_0975.jpg,https://i.ytimg.com/vi/IsEVv1Jt2Ro/maxresdefault.jpg
Img_008_0976.jpg,https://i.ytimg.com/vi/23tRGHUX3qM/maxresdefault.jpg
Img_008_0978.jpg,http://pds4.egloos.com/pds/200707/15/15/c0017615_12070415.jpg
Img_008_0979.jpg,http://pds15.egloos.com/pds/200908/06/62/c0058462_4a7a6746d3bc6.jpg
Img_008_0981.jpg,http://recipe.ezmember.co.kr/cache/recipe/2015/07/28/c8bd542e4c57936dd690a7008afadbc5_m.jpg
Img_008_0982.jpg,http://image.ohmynews.com/down/images/1/choch1104_366638_1[636408].jpg
Img_008_0985.jpg,https://s-media-cache-ak0.pinimg.com/736x/d2/53/fe/d253fef3549fe5675909ab0bdababc62.jpg
Img_008_0986.gif,http://i.imgur.com/d41H5Zw.gif
Img_008_0987.jpg,http://recipe.ezmember.co.kr/cache/recipe/2015/08/25/dbbab2b11aeec7887ad48328aa31051b1_m.jpg
Img_008_0988.jpg,https://farm4.staticflickr.com/3466/3224900799_b65419f18e.jpg
Img_008_0991.jpg,https://farm4.staticflickr.com/3242/2984313764_ba9aafa326.jpg
Img_008_0992.jpg,https://farm3.staticflickr.com/2307/2475892332_f779503a71.jpg
Img_008_0993.jpg,https://farm4.staticflickr.com/3160/3041140734_389ae31270.jpg
Img_008_0994.jpg,https://farm4.staticflickr.com/3051/3012610418_be30686982.jpg
Img_008_0995.jpg,https://farm5.staticflickr.com/4055/4509679568_81abba2a71.jpg
Img_008_0996.jpg,https://farm4.staticflickr.com/3778/12900418914_ef56250938.jpg
Img_008_0998.jpg,https://farm9.staticflickr.com/8113/8686137726_9163259ef7.jpg
Img_008_0999.jpg,https://farm3.staticflickr.com/2786/4439996617_5d30668e18.jpg
