0,1,2
상품명,가격,상품링크
SAMSUNG DDR4 8G PC4-21300 메모리 램8기가 RAM ,"40,500",http://adgate.auction.co.kr/core/click?nextUrl=http%3a%2f%2fitempage3.auction.co.kr%2fDetailView.aspx%3fitemno%3dB566094192&data=wOK0mSUzlb5ddZ2vpTyqoRqnGnKmVajG3z0cBX9jt1gYdRSzLmAQjVkiiIWjDYzexKi0wxH9OSeWJSBqNyt9ZUGO22A%2fHqrJzH3vNuko46rr8MZTRX2%2bofiRWymQUF0NIKjHA8dY%2f4nmCfqkSYxbWsvbUtvc2uEOyN2P8tdCKqh%2f8koqsa%2b7kGsiWmyRD3dfzr7%2f2zTi2MGqZakB3HNu2NK%2fkbQ07sqxYaAWrGVOrjek6MOVoQt98kgc%2bwGoe6nk2zj6hGpyue8qvW24z7d11gyWgHnhR9mB2T3DAoZ9IPgQD5CcrmCmo02MVL7jcVLGTsRv7JyeNj63HpWSR%2fKd7EhBl5trTmXKKW9FmoRjlOthGwSpMeNGAdj8PJNqr%2fqrYEIc1Sp5EP%2f7z%2bnRcFLLXOrMNbZGxcA1ZofF6Vxw2o6YTk%2bR6uTlI584uO81xLnHjVxvN4MLRjbFoYFbbRsDh%2fAwvQlao27Gu0c2H%2bbJxwohJnuId4GChHiqlLrCbwZT21SPOdi%2fWIwzz4EnDmei4n0C16zskXz29XRXgvMF5%2bhyt0Tk%2btF8%2bVuP%2fD15VVI%2bM4toYUpmPA9bZfte1zgCyZEQd8v0jutzBvHXNL0xq%2fO1WaOUu53jy6%2b1R62%2fvOJ%2fZlVkImFxg6oIfoz0XZudSVgtSFp5kzuiqwhbgqwP0VLgbOHV5XHK9BMEQIzqC4gwd&referrer=http%3a%2f%2fwww.auction.co.kr%2f&seq=338281973242&type=1
PRIME 냉장양갈비 램왕숄더랙 900g(호주산) +300g추가 ,"39,300",http://adgate.auction.co.kr/core/click?nextUrl=http%3a%2f%2fitempage3.auction.co.kr%2fDetailView.aspx%3fitemno%3dC362254267&data=wBx8rMLxPt3XQhTi2c%2bIQaaPvl8wUG1YfK8axoMkdJf66NypSSW%2fDV0b%2fLcCk%2bgQbqFdDJUjt4%2bOtNwCB26pZq%2biU5WXRizxxXNIAs7Q58nyfz3mNsqzdUMk5mtxVRhY4%2boMSzgkatFpYUcNBG4cQbrRmowMFq5tiHqH2OEXeL8fJx9atx1INvaEsSMiIl6qrtGvvQAYDFfJemCb9Zyx4fd2j1KGfp6TNZpof0LAgaLj41GV7ZqruBql8005jSivyxHt%2fZ%2fnTtr4k0IF9jbWP2uML%2bAQivQssa1%2fPlt5kH%2bXBfm4rWWOiNxAPXU9lNVj%2f5bEJQk0RVTHbQHcbUBgXXWQKtqRfTW9jC0K3744bcVnbrDFlyYe09C6WZO2buP3AbrReg466hgHHawMzoX0veWPgmi7cAWlEZ83zC4Ko%2fUNudiTZiPu9daRKioNfbRWGf9vi6Bz0Ximz1GQYGzRHiHoUXo7NLAnT7WZqX%2fnEqS0LJ4NumqUAtYg6H%2fJVmhCQTGAUXRRAU6ZX%2bl2kFAruYcDKajBa6OZ64haImJkEmKvueIXepDFs13eHYMN95kR%2ftXf9vVhl2aiT7tUgXBRNNG%2bCrDBEFYf1D%2bGwxT5qusOb5q6%2fdk8kDWl8iglZNavHn4oSUc4%2f5C3PNZkDBvUlEoz47rRfjG%2bCoCj8412dqX7Ds4hP76DnytFJGmGOVqaW&referrer=http%3a%2f%2fwww.auction.co.kr%2f&seq=338281973243&type=1
DDR4 8G PC4-25600 메모리 램8기가 RAM 데스크탑 램 ,"40,500",http://adgate.auction.co.kr/core/click?nextUrl=http%3a%2f%2fitempage3.auction.co.kr%2fDetailView.aspx%3fitemno%3dB901174327&data=wlq4gjoZn5k3EEuV%2f2a%2bKeG7GFNbRQ%2b2pk4Xd6dyf63fiTl7Q7AYdzBI10q4BTe7ivzINgzSD24F5PBQ78eytoCEFwqkdEUA6cSxLAPtAugKAgZWJgxPJ%2bh%2f3wMTwpsPA48xyRaTG%2bR%2bkNELoGrUHgYxP8p%2f%2f0d56gISFaCiFnrr5kuMe4Mwr%2bHP3CCY7zTYvjysxdRcibnkrbyWIR12TlA33%2fLSKxJqr7Y%2bRJhPpZF6H%2fZD%2feXknwDy3KjKnSGW%2bXkdPGJoIHTvJcZ9ONHmO6G0Rbtd656ApZWCr8fOFdpBw9uBNUPrbApOED0IM%2bOPDmTJoCkGTkP0tC%2bdtgVCfEe7Yza8j8Eve7KXRyhTJKe11fCBLiz6zfWeuZAO7Rb4SE6R%2fu9nLbe27bHz0bDy78vpEczbLoCHXY1KRP0Go%2fIEUd6CeNa0YGTbVyLQpYvZ326I0g9x8r2yA8oqu2bEJxo1b8IgLvOR1TOK3P2MLXP4EQoVFuJYreNi0jVYwSC7u%2bEA37s0NMPzdDL3pXq4gkWnPro21GxgcmH9B7jAVSUKqxk4Demqy4U3T1bM0FPUvYC3NJRWVe3RzcjsD%2fSw592O2Gnb3hv9%2bZMv9GpyjE0QQGyC7imnaPNMOVIRzr5cvwXcy%2f6pNJ52BQO99boJqGuHrIIcH2kjFdtFjDI6OAimfI98h3Q294yc483MBa%2beW&referrer=http%3a%2f%2fwww.auction.co.kr%2f&seq=338281973244&type=1
PC 삼성 DDR4-8GB 19200 단면 일반 ,"37,900",http://adgate.auction.co.kr/core/click?nextUrl=http%3a%2f%2fitempage3.auction.co.kr%2fDetailView.aspx%3fitemno%3dB679562735&data=wOK0mSUzlb5eoNlOywdMzJ%2b203MoBsxanxXq0In3Io6ncTmNRlnHuPTARD6K4ncUXUzEpHM274ePAXjLZdd3on732wYzWyF0MRowopS7jPefC0vQ121qd9kHSiuJxGpk1DechwNQ5zydFX5bAhtq1%2f1kgBBisbQpg8%2bnfxACFmjhbwbMN1AOhzU%2bVDAXnZbYQ9ebzTZI1aLFq3oUYLbpucfMx3D%2bLVdWN4ekB4prFscxEVsvFKmtWOr9AOmXI1%2f%2fiTAkZnpKkJSOtmvd5sTl2jRUZA6GjLT4oCF4gpFvUNYUD1y%2fDDNmvN2pi1%2bVpGLVdmbE%2bxlZew3%2bvOe4X8fHtiM6335t1ElngyvI7s%2bzHmkpTN6ucRdpEWl4X9MAxnZLuIaF5coKZGoBPjloGagjd9PpmLC1IrrNT1WTqucSZC%2fXp%2f0KdozZabArWbCp84AaKF%2fpNKNkl88B8RRwK8MLnnxldETaO3ShEvmw%2fZ3rFcpr8UpxfClBNv1nUmc84AcMnoccNwlTTX1McE%2bhvhWnin4wzSJBWBnw20TpaS6TtIm3Yj5XxtWkK1t2GwNG%2bKOH1%2fBqXzZg81SZSPsZwdZfENx80adP0It%2flhx7byBDQU4LgneoNk%2feN9XCXdQIL%2fCt9MEL1UmpQQ%2bqfTIY0Ol%2f%2b%2bJbyOZugejxj5WYDLDINxiRsFgap%2b8KYWq7%2fqtQAFlQq&referrer=http%3a%2f%2fwww.auction.co.kr%2f&seq=338281973245&type=1
PRIME 냉장양갈비 램왕숄더랙 300g(호주산) +100g추가 ,"13,200",http://adgate.auction.co.kr/core/click?nextUrl=http%3a%2f%2fitempage3.auction.co.kr%2fDetailView.aspx%3fitemno%3dC363797849&data=wOInCwShaQ%2bf7TJF2UmuC%2fqMaRWOeuEViiIQOuoWHYnXel09h3f4gUJ9oRxI5hJ4jlVZWrfs3i0A3Y4qowOWgKHcjvtRVx1fAUDuY7LUDf4PJCcKmPPX3OD4QL4JHBpl9MMn0wXxQKnhoOnQR4amFHqLSJPLaA1IRLeWxuVi6oPdcb%2fMcUZ6cBpoSxdiCjrxDRceZlGDbz8JAqGzM1YGd5i8I5DfCl8d47g2Bw6IGf88CzlAkC%2bxa1SSb2neuQeDYi6344w6Uvymu2p8tyaK4%2f1Vs4hKSb56xOfp0srqyFuBXV4BkpuO17Kmu%2bw%2bAYMup%2bmHLKX7TxJao1xgJHrZS036e2Dty2qfTqV0nnEuSfL7%2fOAXPaHU4Sy1tp7i9rjaJ3O9DOIazsEmF5MENQXwnpEp8oLWvJtBCQlQMQPdTCtHfktJDuO%2f8CzXUuFdfgeMMrG7lfL9NEc68TV7khYO3VbKQHNF9TMqftbQvEauhTPMx70CT7A%2fBUq1IKY4fjkS21zP2SOUXxZc9365SBZ%2fXY1fyAqUSEn8b3YE5UjJILyvoDn1yolPe2d8SfFYyClJVhDBDIAS5ii1rXk3UDEAaP8HlsqXMPtBMf%2fpF%2fScZS6aOZsWfiOGF%2fOghRgskoMMgRpBLmRWgfx40Lxt6oLomwbrD82KglW7wi9aZapsL7TQdsEDc1OwnfpKedSp2O5G9&referrer=http%3a%2f%2fwww.auction.co.kr%2f&seq=338281973246&type=1
PC 삼성 DDR4-8GB 17000 양면 일반 ,"37,080",http://adgate.auction.co.kr/core/click?nextUrl=http%3a%2f%2fitempage3.auction.co.kr%2fDetailView.aspx%3fitemno%3dB679562827&data=wsP07Kgqvfby7%2fhdFtTyOiaSFyBQcc%2bROArdtTllYovh61trGvSEjq%2f1NrfKePU8FgS5tM46wZK4noK%2bRbFTPMVDdgKGDPnytNoJYO%2fNHfq9HIxvbPOAQAyLRw2bdImTTlLYHvrmqEOtsKzRhvz0%2f8NU9eqYo4DJRs9FsetuIbYG9sRfFNr1R0jMHhjFK14H8EgAevFnuJ2A723UfBHjmF35GZvaL5ekwUrjlINjnKcxwl0Hj4xzhlwaehj6Y5RqVKJ3riuJDd9OzB%2fMxm%2bT4HgBUO7HEMeR0lLEAbrbE1SgZW5pWDTOYzeK8onJwgxoQBteigjE2dwbTh4w%2bECS12xRuqTBnwxXhQ%2faSHV7DBrnZu8eCW9aRKeGnJco1Pa0kypUa1mT%2fX0OQyI39ZtmVQejNXnd0f6hhUMCVf7TR9fYEnbSCmrQrSPTSsOmyt1xVY9RUiaYnxQZt7MoDp3%2fMvK2s35ZenXgym9XGM%2f2k4mojH%2fay1bhsO0sYBSpqOqSUNR73pmSHiQwhq2zt1%2b0Pn0ev6BCjOxN8cQYFcK7m4Lj%2fzeF0dwbw%2bly6dbRRF2dlnAPSd7Ej%2fy%2b9QcDvv0hqKGto3Gu9ylAlJVJsXwPgo%2foPyIhIooNzoRLn9W%2bNfu5W9OBqoGgnENENEFmwbydhJf122zMsLtefDGfpgr5D40WW2KwjKH9HjECefpfYSzwv&referrer=http%3a%2f%2fwww.auction.co.kr%2f&seq=338281973247&type=1
냉동 램 양꼬치 600g(호주산) 최상등급 캠핑용 집들이 ,"19,800",http://adgate.auction.co.kr/core/click?nextUrl=http%3a%2f%2fitempage3.auction.co.kr%2fDetailView.aspx%3fitemno%3dC469094440&data=wOInCwShaQ%2beUKJOkI%2biodARffUR%2fPQ7OZONtiFzFox40XnUWq63OQvsaaie2jdX%2fFDBGn6b1r9LZfdYyhiBSG2wSuoSE2rpI9izzA%2fwRgwbBts1nO%2fYHu2iglnY91bw%2fO%2fvA2m2Pksvvyx5BSkTRFsAvw6RJKJ289DizYV0ykR8QFP6uYhq4O7G0%2fse0NQPiuV7nY0FWEwKokjFjDdLJXafNxZcwH2LB%2fmMqWveO9j%2b6TqhTiqL3cTjjyxdwilK%2fQahAGzkOR6Kf4ep%2ftVi%2btwP%2bBUC9hV0c8SZ1JNrGacr4qmeFpV5499gzLk8AFTKHSvftOKXyqEIwL1t5ATyrB%2btPXA3HCic%2b%2fz1zHwhilE73DV3Y6R4yiDhtNRN0u%2bZ7tneOzEILTw9juUuW9MIjrcbujwx6VSD1dgzFZ2e6Y6MAddOMUlWDnmZhdPU98O2yzd4Vxos6vC04g5W0mPgekbQyChfE8PCgE4LLJAMrc%2f2qBtOv41ChGzevv31gQ%2biqtWRi%2bzW9XsUFXTk8VIieQRq3MAItJEWYP8oKOOffxNcCGlJQP8j4oAMsHNXMy%2fYUzIdndsjMV5CEVjsIa0kollJfN1CsoRMqsLA6AzJ8aT18xHEY6yT7ToSp3IrLOB%2bDnyw0xQ6XxZbtQccOrKP7TpdAeHMrj33MYKtD4kvYUo4DQe7tpHsec4mbHAUwN9Xl&referrer=http%3a%2f%2fwww.auction.co.kr%2f&seq=338281973249&type=1
PC 삼성 메모리 램 DDR4 4G 17000 단면 일반 2133P ,"18,020",http://adgate.auction.co.kr/core/click?nextUrl=http%3a%2f%2fitempage3.auction.co.kr%2fDetailView.aspx%3fitemno%3dB679151634&data=wn4M7ou6NNP8A9cZND%2bcvg9atLmuMl89CLtivwLMKOJx5ORR3bOtT%2faygyk5PafhHU7LMHHd7JlVw29tHIdJ9MiElAZVsQEVOpaTc8022bIDL7icZizOZAPTQBZd4OF%2fyOO%2bBDBgS2xqjicN9Vk8LqM5WwVQyvq42VsyezqOZFgOHr%2bwn9yIfDdTSPl%2fkSLepDumgMkjnzBmXENeyxd6UYNyPrtLjpMykZt9aD42ei%2fSsXJ5OmRhqlegWDRX8mNg0Yk8mLzPFTDCJmtjaSxrSJorFF%2fCxgSYsuIvVkrZsJKJQnpnxGLQtHatKTKWFsrsDfa77M27D36SPwQ5suduh%2bbQVGxuctTIEPauFZP7S0Iu%2bKHFAPhSBbFaKX9o4YQUlVfZDdCWrNaE%2fGwOMJ6K0EjV3OOPMCxFfgV8fovm38fFjnvNrX0%2b0llxglAwe4Qc0kwD1zXtVWz5jKzHL19HtH2jkbIvDSrov4q6Z3IbayMH1ix6vaEa9MjMtzN8NuEV78qQacAQKxjyFTG8hj1yKd2sknqDNy%2fO2GNlTwowVtnTqftaob7pJrBEjfAwI74bAk%2fizyYGDY5dZOc%2bZb1uArn4QC0EbQWP6qtSq6ZqcN4s8V1ykrhzwZmqHQqOD93IINljy4%2bUiNgz5SYSYtxAmcZXJEHF6XPppQ2zcfpapMphOneiFel%2fGey%2bW99vynk69&referrer=http%3a%2f%2fwww.auction.co.kr%2f&seq=338281973250&type=1
삼성전자 PC용 메모리 램 DDR4 8G 2400T (PC4-19200) ,"36,800",http://adgate.auction.co.kr/core/click?nextUrl=http%3a%2f%2fitempage3.auction.co.kr%2fDetailView.aspx%3fitemno%3dC607897183&data=wjVF2FirLS%2bw1c88XbnuQVMgsOqgEvUJ13EjMMEwuvGYj%2flt%2ft3xDcjDkZB43T4%2bgmb57U2%2bBB0asAiXpyLYXGT2%2ftKsP2LdI25oVmpKughYzV9Ba9pm%2ftXksYm3TihN5Vy%2b0o4g%2b%2bBuubxK2D3JIb6CpGFxc9%2bZQX7bWoj84ZQXiWQFMR57FSYsvvr37YcvtZ%2b%2f8BLw%2fL57p81RMcx7wCyoAaFVevNrZOBNccpFVtqZPbG%2fhckFrnNHQupgnI3FnVAbWUSaunQRrlwLghyR%2fiieg6HOCtVN84NUor0uqaW%2fptgJVpN121iHFB9hs3hxaGrcsgSbWZecqBHcPWBuSqkUAoPnRl76%2fRwQdgMfFKZPqTW7ZYHAxhXNDYkzAo3zm5bii%2fq2R6p8nBio2sdE%2bKnV7wRj%2fUgsityY1ZX50Q94CoBJ7sN7qaEs24vF5CnYdK6%2fK4o0XcnHYJtGTdaq4lIAYJrKdZ3uv5i5Rn6TLHDZ%2f5RtY33ZE38dmam%2fVu2Ox0be16zb64bOJCo6MqR1O%2bk%2bdZRAvk33N2j6FvDperpeSejQ1LGWAySr0oQ7cAuxWiw%2fwSFfvgQx4LupfAWPujdZ%2bifidJvffZey8hnJuD1TlajR37OEqMdKElb19gZUjZFcEbRzDaniOcC3zS7VJHvYQ%2f3%2fIPfAVcpjFfs%2blxXPt%2bnzlfoZ%2fpg5iUNYnsl4F&referrer=http%3a%2f%2fwww.auction.co.kr%2f&seq=338281973251&type=1
AnB  DDR4 16G 게이밍 메모리 Night Hawk RGB 8Gx2 ,"266,840",http://adgate.auction.co.kr/core/click?nextUrl=http%3a%2f%2fitempage3.auction.co.kr%2fDetailView.aspx%3fitemno%3dC566434424&data=wGQgIPptjsx91ONq1tuBuhRrfkNZu6dT5ERWQuWX06XaDtw3KDla%2fcoQAKT8uwJnwB%2fdxI7DKEMQzO8rwcUKc8w1rZUnlJgmyHspRyZQKfSvlOXdLWGtVtgiZewNxa4m6mCpsKGdX8Jh5TkfojZ5Abxw8lmbBY2wt%2bHQPpZDSW6M6Nm3tJNxowD2ctYfbGRS83PHUEY%2bjdKmCBE%2bKtF5IgvRJJ6r8THi7azecbTJVumElLR6rkhFOvRqJnFoFvKQakwtF%2bzXjfGSXfxSGopJ53katDpS6cEQEAxi1fHp7%2fS7uka%2bddDaAa6KYxdJeaAEoZqufNjJJGe8UHuPzF0Tnea8jUGm9MWIG6eeJG%2bbIxLJpggpoxGuiyTfXenCwzIqB3jF0u08CRj%2f6YUtx4Zh3q3ye7zJSoYB%2fteqX2%2bV%2bUkqToBSyY36HCXn1c196eDxW0xwqPq0Wu%2fnWBQLVVmzw%2fniVjBD9shBlEY0NP6v9Pj850K4Rh2FQ66kRJQL6Myk1CGno6FZQCXApSd4jqAXhaoggbsEdKy8XTO7DKpfcgRrS8Z4KSw9%2fJird4vc%2foLUlvzG3bTYOXyworLrEKVLxmGLuy%2bvJ6MxLnM7NcdCZRBODRMufrd6o0ngUWlmvPAxOPv3X2pSHR4Kfa35S3OjZVf8Jdpj2LU8PyIhkWC26WmDbaIaBgGo5tVCNJu%2fu8QMg&referrer=http%3a%2f%2fwww.auction.co.kr%2f&seq=338281973253&type=1
양꼬치 양깍두기 양고기 1KG ,"25,900",http://adgate.auction.co.kr/core/click?nextUrl=http%3a%2f%2fitempage3.auction.co.kr%2fDetailView.aspx%3fitemno%3dC263325270&data=wjVF2FirLS%2bzSbrWdvTzMuNx74UbTYGIOUeO%2fKDlyAFBNGFQKI3E4HV7DwPgnEFDrSqL9YZh8TrvmF8oYrEdH%2fR%2fVoC6yArxc3lisdhfg0CqwsVNENYVFoCarQzcKADPamyoDpLSobtrdZZj%2fnsDKjWOz0q7gzuG6gQlnb0RWP0pOIYSk%2bZhE8roXMFbVq4vL%2bSTar2eohVq2I7%2bDH1rvesctYwWIHpIH2W35n1cFTfrOnBZmNLTKr7o%2bnxhn%2fJJ82R%2f7pqiIMCg27P%2f8RNb%2bfw9Ys3QxjG8u2up%2fmNgAmLBH6nDVUxyd7pM1kJUrp4ut1inF22GnS6OI8AzxHLEwV9sNZ5KwrMJcTPeRXPtBUm3n3HTl6AMtgBmQ3P4FMKcvfXp2bc6VjmnfmwDMYgiVjJbIJM8R4%2fS0oJCnsiWAxNe8TARsQrREvCEvMtmYTaLn76MLcGUPSO6z8Xj4M9iMOpXEd%2b%2bmH4DUzIobW%2fmraggO%2baOUlgh%2blAQOlncR2wC8N6Vq83B0cWK7g9cK7t7L5MpR8stGqPujTu8giaegNO%2bGIX4W39mfRme4TylJlUPQuQWfxKjrCa4bqLIF8hKlahT996iaR7o927VuggYHSwfwUXZcxYtvrGMc0BqbLA9cpRlx9aZgzwQso%2b%2fPxec3eh9MQIDVet5c2FlF3aCcuGJtCTFvDls1v1ofjZilclwc&referrer=http%3a%2f%2fwww.auction.co.kr%2f&seq=338281973254&type=1
홍미노트11프로 자급제 8RAM+128GB 5G/LTE 국내정식판 ,"407,540",http://itempage3.auction.co.kr/DetailView.aspx?itemno=C577592130
홍미노트11 자급제 6RAM+128GB 레드미11 LTE 국내정식 ,"284,240",http://itempage3.auction.co.kr/DetailView.aspx?itemno=C584866494
홍미노트11프로 자급제 6RAM+128GB 5G/LTE 국내정식판 ,"379,330",http://itempage3.auction.co.kr/DetailView.aspx?itemno=C577585274
삼성전자 DDR4 16G PC4-21300 RAM 메모리 ,"105,600",http://itempage3.auction.co.kr/DetailView.aspx?itemno=B908863122
보타닉 오가닉 망사무릎보호대-램 /아기/유아 ,"21,900",http://itempage3.auction.co.kr/DetailView.aspx?itemno=C356532123
듀얼 볼헤드 매직 암 마운트 고프로 히어로 7 6 5 램 ,"11,900",http://itempage3.auction.co.kr/DetailView.aspx?itemno=B733714514
홍미노트11프로 자급제 8RAM+128GB 5G/LTE 국내정식판 ,"407,540",http://itempage3.auction.co.kr/DetailView.aspx?itemno=C577592130
그램 14Z980 8세대i5 램16G SSD256G 윈도우10 ,"749,000",http://itempage3.auction.co.kr/DetailView.aspx?itemno=C566805472
NT371B5J 램8G SSD256G 윈도우10 ,"329,000",http://itempage3.auction.co.kr/DetailView.aspx?itemno=C570929670
홍미노트11 자급제 6RAM+128GB 레드미11 LTE 국내정식 ,"284,240",http://itempage3.auction.co.kr/DetailView.aspx?itemno=C584866494
HP 파빌리온 14-ec0031AU_512G_WIN10H R5-5500U/RAM 16GB/NVME 512GB/IPS/지문인식/루시엔/슬림베젤/ ,"809,000",http://itempage3.auction.co.kr/DetailView.aspx?itemno=C495568096
15N540 i5탑재 램8G SSD 256G 지포스 윈도우10 ,"299,000",http://itempage3.auction.co.kr/DetailView.aspx?itemno=C591370666
HP 14S-DQ2573TU_UP i3-1125G4/RAM 8G/NVME 256G/FHD/IPS/슬림베젤/고속충전/FREEDOS ,"522,000",http://itempage3.auction.co.kr/DetailView.aspx?itemno=C444126928
DDR4 16G PC4-25600 메모리 램16기가 RAM 데스크탑 램 ,"88,000",http://itempage3.auction.co.kr/DetailView.aspx?itemno=B901216488
DDR4 32G PC4-25600 메모리 램32기가 RAM 데스크탑 램 ,"188,000",http://itempage3.auction.co.kr/DetailView.aspx?itemno=B901217538
DDR4 8G PC4-25600 메모리 램8기가 RAM 데스크탑 램 ,"40,500",http://itempage3.auction.co.kr/DetailView.aspx?itemno=B901174327
노트북 RAM DDR4-3200 CL22 16GB A/S 3년 {공식대리점} ,"73,000",http://itempage3.auction.co.kr/DetailView.aspx?itemno=C445984705
홍미노트11프로 자급제 6RAM+128GB 5G/LTE 국내정식판 ,"379,330",http://itempage3.auction.co.kr/DetailView.aspx?itemno=C577585274
ANF 프리미엄 램 28 15kg 강아지사료 ,"65,900",http://itempage3.auction.co.kr/DetailView.aspx?itemno=B668481222
SAMSUNG DDR4 8G PC4-21300 메모리 램8기가 RAM ,"40,500",http://itempage3.auction.co.kr/DetailView.aspx?itemno=B566094192
DDR4 16G PC4-25600 노트북 메모리 램16기가 RAM 램 ,"93,000",http://itempage3.auction.co.kr/DetailView.aspx?itemno=B901225874
 LBL  22SS 로우컷 이태리 램스킨 자켓 ,"169,000",http://itempage3.auction.co.kr/DetailView.aspx?itemno=C529146047
삼성전자 DDR4 16G PC4-21300 RAM 메모리 ,"105,600",http://itempage3.auction.co.kr/DetailView.aspx?itemno=B908863122
삼성전자 DDR4 16G PC4-21300 메모리 램 램16기가 ,"88,000",http://itempage3.auction.co.kr/DetailView.aspx?itemno=B626194277
삼성 4G DDR3-12800 PC3-1600 RAM 단면 중고제품 문의 ,"11,500",http://itempage3.auction.co.kr/DetailView.aspx?itemno=C513008783
PC 삼성 메모리 램 DDR4 4G 19200 단면 일반 2400T ,"19,040",http://itempage3.auction.co.kr/DetailView.aspx?itemno=B708069963
데스크탑 RAM DDR4 2666 CL19 8GB A/S 3년 {정품} ,"34,000",http://itempage3.auction.co.kr/DetailView.aspx?itemno=C479737772
DDR4 8G PC4-25600 노트북 메모리 램8기가 RAM 램 ,"44,000",http://itempage3.auction.co.kr/DetailView.aspx?itemno=B901220388
PC 삼성 메모리 램 DDR3 4G 10600 양면 일반 PC3-10600 ,"12,900",http://itempage3.auction.co.kr/DetailView.aspx?itemno=B679160294
PC 삼성 메모리 램 DDR4 4G 17000 단면 일반 2133P ,"18,020",http://itempage3.auction.co.kr/DetailView.aspx?itemno=B679151634
램 캡모자/캐릭터 자수 야구모자/여성 남성 볼캡 썬캡 ,"5,900",http://itempage3.auction.co.kr/DetailView.aspx?itemno=C591744591
7세대i5 Optiplex 3050 램16G SSD256G 윈도우10 ,"479,000",http://itempage3.auction.co.kr/DetailView.aspx?itemno=B836966882
Optiplex 3050 6세대i3 램8G SSD256G 올인원PC ,"359,000",http://itempage3.auction.co.kr/DetailView.aspx?itemno=C525193328
풀스펙 NT371B5J 램16G SSD512G 윈도우10 신품배터리 ,"429,000",http://itempage3.auction.co.kr/DetailView.aspx?itemno=C477351070
특가 행사  샤오미 홍미노트11프로 6+128G(RAM 6G) 자급제 / 국내 정식 발매 ,"386,560",http://itempage3.auction.co.kr/DetailView.aspx?itemno=C570226912
특가 행사  샤오미 홍미노트11프로 8+128G(RAM 8G) 자급제 / 국내 정식 발매 ,"415,310",http://itempage3.auction.co.kr/DetailView.aspx?itemno=C570227103
DWPC DW57R 조립PC (5700G/NVMe 250G/게이밍램 8G/라데온/500W/OS미포함/AS1년) 데스크탑 본체 ,"659,000",http://itempage3.auction.co.kr/DetailView.aspx?itemno=C428129556
 씨티지  이태리 램스킨 셔링 집업 베스트 ,"159,000",http://itempage3.auction.co.kr/DetailView.aspx?itemno=C523471614
 LBL  () 22SS 로우컷 이태리 램스킨 자켓 ,"199,000",http://itempage3.auction.co.kr/DetailView.aspx?itemno=C534330555
HP 14S-DQ2573TU i3-1125G4/RAM 4G/NVME 256G/FHD/IPS/슬림베젤/고속충전/FREEDOS ,"522,000",http://itempage3.auction.co.kr/DetailView.aspx?itemno=C514100240
HP 파빌리온 14-ec0031AU R5-5500U/RAM 8GB/NVME 256GB/IPS/지문인식/루시엔/슬림베젤/FREEDOS ,"650,000",http://itempage3.auction.co.kr/DetailView.aspx?itemno=C495567604
HP 파빌리온 14-ec0031AU_WIN10H R5-5500U/RAM 8GB/NVME 256GB/IPS/지문인식/루시엔/슬림베젤/WIN10 HOME ,"707,000",http://itempage3.auction.co.kr/DetailView.aspx?itemno=C495567820
코어i7 램16G 지포스 게이밍 삼성노트북 (코어i7-6820HQ/램16G/SSD256G/지포스920MX/15.6 FHD/윈도우10/... ,"597,000",http://itempage3.auction.co.kr/DetailView.aspx?itemno=C552789760
LENOVO SLIM3-15ITL 5D_UP_WIN10P i5-1135G7/RAM 16G/NVME 256G/IPS/슬림베젤/1.65kg/300nit/WIN10 프로 ,"725,000",http://itempage3.auction.co.kr/DetailView.aspx?itemno=C493905735
HP VICTUS 15L TG02-0043KR_UP 라이젠7 5700G/RAM 32G/NVME 512G/HDD 1TB/RTX 3060Ti/정격500W/WIN11 HOME ,"2,077,000",http://itempage3.auction.co.kr/DetailView.aspx?itemno=C560259120
가벼운 13인치 FHD 삼성노트북9 코어i5-8265U/램8G/SSD256G/UHD620/웹캠/무선랜/13.3 FHD/윈10/새것같은... ,"598,000",http://itempage3.auction.co.kr/DetailView.aspx?itemno=C564775128
노트북용 DDR4 RAM 8GB PC4-21300 메모리 정품 ,"44,000",http://itempage3.auction.co.kr/DetailView.aspx?itemno=B639757762
삼성 노트북 램 DDR3 4GB PC3L-12800 메모리 ,"22,700",http://itempage3.auction.co.kr/DetailView.aspx?itemno=B633400238
노트북용 DDR4 16G PC4-21300 메모리 램 16기가 RAM ,"93,000",http://itempage3.auction.co.kr/DetailView.aspx?itemno=B749262121
DDR4 32G PC4-21300 메모리 램 32기가 RAM 새제품 ,"186,000",http://itempage3.auction.co.kr/DetailView.aspx?itemno=B748829339
노트북 RAM DDR4-3200 CL22 8GB A/S 3년 {공식대리점} ,"37,500",http://itempage3.auction.co.kr/DetailView.aspx?itemno=C445983644
DDR4 32G PC4-25600 노트북 메모리 램32기가 RAM 램 ,"194,000",http://itempage3.auction.co.kr/DetailView.aspx?itemno=B901227029
노트북 RAM DDR4-2666 CL19 8GB A/S 3년 {공식 대리점} ,"37,000",http://itempage3.auction.co.kr/DetailView.aspx?itemno=C445973740
데스크탑 RAM DDR4 3200 CL22 16GB A/S 3년 {정품} ,"71,500",http://itempage3.auction.co.kr/DetailView.aspx?itemno=C479733913
노트북 RAM DDR4-2666 CL19 16GB A/S 3년 {공식대리점} ,"69,000",http://itempage3.auction.co.kr/DetailView.aspx?itemno=C445975085
노트북 RAM DDR4-3200 CL22 32GB A/S 3년 {공식대리점} ,"139,500",http://itempage3.auction.co.kr/DetailView.aspx?itemno=C492401409
데스크탑 RAM DDR4 3200 CL22 8GB A/S 3년 {정품} ,"34,500",http://itempage3.auction.co.kr/DetailView.aspx?itemno=C479734767
삼성 노트북 램 8GB DDR4 PC4-21300 8기가 2666MHz ,"47,900",http://itempage3.auction.co.kr/DetailView.aspx?itemno=C362476078
데스크탑 RAM DDR4 3200 CL22 32GB A/S 3년 {정품} ,"143,500",http://itempage3.auction.co.kr/DetailView.aspx?itemno=C479728749
노트북 RAM DDR3-1600 CL11 8GB A/S 3년 {공식 대리점} ,"39,000",http://itempage3.auction.co.kr/DetailView.aspx?itemno=C445962590
데스크탑 RAM DDR3 1600 CL11 8GB A/S 3년 {정품} ,"38,500",http://itempage3.auction.co.kr/DetailView.aspx?itemno=C479745280
데스크탑 RAM DDR3 1600 CL11 4GB A/S 3년 {정품} ,"24,000",http://itempage3.auction.co.kr/DetailView.aspx?itemno=C479743323
데스크탑 RAM DDR4 2666 CL19 4GB A/S 3년 {정품} ,"22,500",http://itempage3.auction.co.kr/DetailView.aspx?itemno=C479740689
노트북 RAM DDR4-2666 CL19 4GB A/S 3년 {공식 대리점} ,"23,500",http://itempage3.auction.co.kr/DetailView.aspx?itemno=C445972214
노트북 RAM DDR3-1600 CL11 4GB A/S 3년 {공식 대리점} ,"25,000",http://itempage3.auction.co.kr/DetailView.aspx?itemno=C445957510
윈도우11 PRO  리트 올인원PC 27B (SSD 120G + 8GB RAM) ,"629,000",http://itempage3.auction.co.kr/DetailView.aspx?itemno=C532895609
프리도스  이그닉 비와이 24Y 2세대 (NVMe 256G + 8GB RAM) ,"849,000",http://itempage3.auction.co.kr/DetailView.aspx?itemno=C532903622
LG데스크탑 윈도우10PRO i5 램8G 중고컴퓨터본체 ,"320,000",http://itempage3.auction.co.kr/DetailView.aspx?itemno=B572377222
인텔 i7 /RAM/SSD/VGA/DVD/전국무상AS/속도빠름 ,"435,000",http://itempage3.auction.co.kr/DetailView.aspx?itemno=A097405610
중고 LG노트북 i5-4세대 RAM8GB SSD128장착 윈10 웹캠 ,"279,000",http://itempage3.auction.co.kr/DetailView.aspx?itemno=C403609021
HP 15s-eq2244AU AMD 5500U RAM4GB NVMe256GB 추천모델 ,"556,850",http://itempage3.auction.co.kr/DetailView.aspx?itemno=C523505978
중고 LG노트북 15N540 i5-4세대 SSD RAM8GB장착 윈10 ,"299,000",http://itempage3.auction.co.kr/DetailView.aspx?itemno=C403615406
중고 레노버 씽크센터 M700 i5-6400T SSD256 RAM8GB ,"319,000",http://itempage3.auction.co.kr/DetailView.aspx?itemno=C477833577
최종46만 HP 15s-eq2244AU AMD 5500U RAM 4GB 256GB ,"609,000",http://itempage3.auction.co.kr/DetailView.aspx?itemno=C590904629
중고삼성 노트북NT550P7C 17인치 대화면 SSD장착 RAM8 ,"359,000",http://itempage3.auction.co.kr/DetailView.aspx?itemno=C591587312
중고노트북 삼성 NT371B5J SSD RAM8 15.6 웹캠o 윈10 ,"329,000",http://itempage3.auction.co.kr/DetailView.aspx?itemno=C352097660
MSI GP66 레오파드 11UH/총 RAM32GB/Win10(설치)/SK ,"2,698,960",http://itempage3.auction.co.kr/DetailView.aspx?itemno=C359024620
중고 삼성노트북 NT200B5C i7 SSD장착 RAM8 윈10 15.6 ,"359,000",http://itempage3.auction.co.kr/DetailView.aspx?itemno=C367752882
중고 삼성노트북 NT200B5C i7-3세대SSD장착 RAM8 윈10 ,"329,000",http://itempage3.auction.co.kr/DetailView.aspx?itemno=C504405018
램 양모듬지육5kg내외 양갈비 양고기 양꼬치 양다리 ,"90,000",http://itempage3.auction.co.kr/DetailView.aspx?itemno=C566745193
MSI GP66 레오파드 11UH/RAM32GB/NVMe2TB/Win10Pro/SK ,"2,999,000",http://itempage3.auction.co.kr/DetailView.aspx?itemno=C582808003
최종57만 HP 15s-eq3041AU AMD R7-5825U RAM 8G 256G ,"749,000",http://itempage3.auction.co.kr/DetailView.aspx?itemno=C587521329
레노버 씽크패드 i5-7세대 RAM8 SSD256 14인치 윈10 ,"499,000",http://itempage3.auction.co.kr/DetailView.aspx?itemno=C588627436
중고노트북 YOGA X1 SSD RAM8GB 윈10 웹캠장착 ,"359,000",http://itempage3.auction.co.kr/DetailView.aspx?itemno=C598843654
중고 레노버 씽크센터 올인원 i5 RAM8GB SSD256GB W10 ,"309,000",http://itempage3.auction.co.kr/DetailView.aspx?itemno=C608204447
PC 삼성 메모리 램 DDR3 4G 12800 양면 일반 PC3-12800 ,"14,390",http://itempage3.auction.co.kr/DetailView.aspx?itemno=B679160214
노트북 삼성 메모리 램 DDR3 8G 12800 양면 저전력 ,"39,260",http://itempage3.auction.co.kr/DetailView.aspx?itemno=B679613443
노트북용 RAM 메모리 DDR3 PC3L-12800S 8G 삼성정품 ,"66,000",http://itempage3.auction.co.kr/DetailView.aspx?itemno=B867891150
삼성 메모리 RAM DDR3 4GB 10600(양면/일반) PC용 ,"10,800",http://itempage3.auction.co.kr/DetailView.aspx?itemno=C608438106
